-- phpMyAdmin SQL Dump
-- version 4.9.0.1
-- https://www.phpmyadmin.net/
--
-- Host: 127.0.0.1
-- Generation Time: Sep 11, 2023 at 03:12 PM
-- Server version: 10.4.6-MariaDB
-- PHP Version: 7.3.9

SET SQL_MODE = "NO_AUTO_VALUE_ON_ZERO";
SET AUTOCOMMIT = 0;
START TRANSACTION;
SET time_zone = "+00:00";


/*!40101 SET @OLD_CHARACTER_SET_CLIENT=@@CHARACTER_SET_CLIENT */;
/*!40101 SET @OLD_CHARACTER_SET_RESULTS=@@CHARACTER_SET_RESULTS */;
/*!40101 SET @OLD_COLLATION_CONNECTION=@@COLLATION_CONNECTION */;
/*!40101 SET NAMES utf8mb4 */;

--
-- Database: `metode-ahc`
--

-- --------------------------------------------------------

--
-- Table structure for table `detail_transaksi`
--

CREATE TABLE `detail_transaksi` (
  `id_detail` int(11) NOT NULL,
  `id_transaksi` int(11) NOT NULL,
  `id_produk` int(11) NOT NULL,
  `qty` int(11) NOT NULL
) ENGINE=InnoDB DEFAULT CHARSET=latin1;

--
-- Dumping data for table `detail_transaksi`
--

INSERT INTO `detail_transaksi` (`id_detail`, `id_transaksi`, `id_produk`, `qty`) VALUES
(1, 1, 1, 1300),
(2, 2, 4, 650),
(3, 3, 1, 650),
(4, 4, 1, 650),
(5, 5, 6, 650),
(6, 6, 7, 650),
(7, 7, 1, 250),
(8, 8, 1, 10),
(9, 8, 2, 10),
(10, 9, 7, 580),
(11, 10, 1, 650),
(12, 11, 4, 450),
(13, 12, 1, 650),
(14, 13, 2, 100),
(15, 13, 7, 1150),
(16, 14, 7, 600),
(17, 15, 7, 580),
(18, 16, 1, 650),
(19, 17, 1, 650),
(20, 18, 1, 650),
(21, 19, 1, 650),
(22, 20, 4, 700),
(23, 21, 7, 600),
(24, 22, 7, 580),
(25, 23, 7, 650),
(26, 24, 1, 650),
(27, 25, 1, 650),
(28, 26, 1, 650),
(29, 27, 1, 650),
(30, 28, 7, 560),
(31, 29, 1, 1300),
(32, 30, 4, 650),
(33, 31, 1, 650),
(34, 32, 1, 650),
(35, 33, 1, 650),
(36, 34, 1, 650),
(37, 35, 1, 630),
(38, 35, 2, 20),
(39, 36, 7, 530),
(40, 37, 1, 650),
(41, 38, 1, 7),
(42, 39, 1, 100),
(43, 40, 1, 150),
(44, 41, 7, 650),
(45, 42, 1, 350),
(46, 43, 1, 650),
(47, 44, 4, 700),
(48, 45, 4, 700),
(49, 45, 5, 15),
(50, 46, 1, 650),
(51, 47, 1, 650),
(52, 48, 1, 650),
(53, 49, 6, 800),
(54, 50, 7, 650),
(55, 51, 7, 650),
(56, 52, 7, 650),
(57, 53, 7, 570),
(58, 54, 1, 650),
(59, 55, 6, 650),
(60, 56, 7, 650),
(61, 57, 1, 350),
(62, 58, 7, 650),
(63, 59, 1, 650),
(64, 60, 1, 650),
(65, 61, 1, 650),
(66, 62, 1, 300),
(67, 63, 1, 50),
(68, 64, 7, 550),
(69, 65, 4, 450),
(70, 66, 1, 650),
(71, 67, 1, 650),
(72, 68, 1, 650),
(73, 69, 7, 650),
(74, 70, 6, 1300),
(75, 71, 7, 650),
(76, 72, 1, 500),
(77, 73, 1, 6650),
(78, 74, 1, 650),
(79, 75, 1, 650),
(80, 76, 4, 650),
(81, 77, 4, 700),
(82, 78, 7, 570),
(83, 79, 6, 650),
(84, 80, 6, 650),
(85, 81, 7, 630),
(86, 82, 1, 650),
(87, 83, 4, 700),
(88, 84, 7, 550),
(89, 85, 1, 650),
(90, 86, 1, 650),
(91, 87, 6, 800),
(92, 88, 7, 600),
(93, 89, 1, 650),
(94, 90, 1, 650),
(95, 91, 7, 550),
(96, 92, 1, 650),
(97, 93, 1, 650),
(98, 94, 1, 650),
(99, 95, 1, 650),
(100, 96, 6, 650),
(101, 97, 1, 650),
(102, 98, 1, 300),
(103, 99, 1, 650),
(104, 100, 4, 650),
(105, 101, 1, 100),
(106, 101, 2, 1),
(107, 102, 7, 650),
(108, 103, 1, 650),
(109, 104, 4, 550),
(110, 104, 5, 50),
(111, 105, 7, 650),
(112, 106, 1, 100),
(113, 107, 7, 550),
(114, 108, 6, 800),
(115, 109, 1, 650),
(116, 110, 6, 1300),
(117, 111, 1, 500),
(118, 112, 4, 700),
(119, 113, 7, 550),
(120, 114, 1, 650),
(121, 115, 1, 350),
(122, 116, 7, 630),
(123, 117, 7, 370),
(124, 118, 4, 450),
(125, 119, 7, 650),
(126, 120, 1, 650),
(127, 121, 1, 650),
(128, 122, 6, 650),
(129, 123, 7, 615),
(130, 124, 7, 410),
(131, 125, 7, 650),
(132, 126, 1, 650),
(133, 127, 4, 650),
(134, 128, 1, 650),
(135, 129, 1, 450),
(136, 129, 2, 100),
(137, 130, 1, 630),
(138, 130, 2, 20),
(139, 131, 4, 650),
(140, 132, 1, 450),
(141, 133, 1, 100),
(142, 134, 1, 630),
(143, 135, 1, 20),
(144, 136, 4, 650),
(145, 137, 3, 450),
(146, 138, 7, 100),
(147, 139, 6, 630),
(148, 140, 7, 20),
(149, 141, 4, 548),
(150, 142, 3, 369),
(151, 143, 4, 619),
(152, 144, 5, 50),
(153, 145, 5, 650),
(154, 146, 2, 339),
(155, 147, 1, 131),
(156, 148, 2, 629),
(157, 149, 6, 507),
(158, 150, 1, 521),
(159, 151, 2, 543),
(160, 152, 5, 312),
(161, 153, 1, 589),
(162, 154, 1, 658),
(163, 155, 4, 68),
(164, 156, 5, 302),
(165, 157, 6, 470),
(166, 158, 2, 543),
(167, 159, 2, 606),
(168, 160, 5, 516),
(169, 161, 7, 623),
(170, 162, 1, 195),
(171, 163, 4, 49),
(172, 164, 4, 441),
(173, 165, 2, 48),
(174, 166, 2, 439),
(175, 167, 3, 343),
(176, 168, 1, 407),
(177, 169, 2, 344),
(178, 170, 5, 684),
(179, 171, 1, 292),
(180, 172, 5, 236),
(181, 173, 2, 159),
(182, 174, 3, 81),
(183, 175, 1, 194),
(184, 176, 4, 689),
(185, 177, 1, 288),
(186, 178, 3, 133),
(187, 179, 4, 492),
(188, 180, 1, 57),
(189, 181, 7, 506),
(190, 182, 4, 261),
(191, 183, 5, 198),
(192, 184, 5, 70),
(193, 185, 4, 244),
(194, 186, 7, 692),
(195, 187, 3, 76),
(196, 188, 6, 321),
(197, 189, 4, 313),
(198, 190, 4, 581),
(199, 191, 5, 262),
(200, 192, 5, 137),
(201, 193, 7, 140),
(202, 194, 7, 144),
(203, 195, 2, 21),
(204, 196, 1, 495),
(205, 197, 1, 549),
(206, 198, 4, 622),
(207, 199, 6, 568),
(208, 200, 5, 261),
(209, 201, 7, 315),
(210, 202, 1, 149),
(211, 203, 2, 97),
(212, 204, 6, 393),
(213, 205, 3, 581),
(214, 206, 6, 506),
(215, 207, 5, 73),
(216, 208, 7, 511),
(217, 209, 4, 25),
(218, 210, 1, 478),
(219, 211, 7, 239),
(220, 212, 5, 569),
(221, 213, 1, 393),
(222, 214, 1, 115),
(223, 215, 4, 205),
(224, 216, 7, 397),
(225, 217, 6, 466),
(226, 218, 6, 67),
(227, 219, 5, 120),
(228, 220, 4, 520),
(229, 221, 7, 262),
(230, 222, 7, 631),
(231, 223, 1, 493),
(232, 224, 2, 595),
(233, 225, 4, 21),
(234, 226, 3, 297),
(235, 227, 6, 678),
(236, 228, 6, 658),
(237, 229, 2, 359),
(238, 230, 7, 55),
(239, 231, 4, 152),
(240, 232, 7, 334),
(241, 233, 1, 127),
(242, 234, 7, 224),
(243, 235, 7, 352),
(244, 236, 1, 532),
(245, 237, 7, 394),
(246, 238, 6, 230),
(247, 239, 7, 183),
(248, 240, 7, 676),
(249, 241, 1, 493),
(250, 242, 2, 658),
(251, 243, 3, 487),
(252, 244, 3, 630),
(253, 245, 6, 198),
(254, 246, 2, 325),
(255, 247, 4, 692),
(256, 248, 2, 199),
(257, 249, 3, 94),
(258, 250, 1, 287),
(259, 251, 4, 329),
(260, 252, 3, 514),
(261, 253, 7, 505),
(262, 254, 7, 99),
(263, 255, 4, 125),
(264, 256, 6, 342),
(265, 257, 2, 193),
(266, 258, 5, 650),
(267, 259, 1, 42),
(268, 260, 7, 314),
(269, 261, 7, 599),
(270, 262, 2, 232),
(271, 263, 2, 420),
(272, 264, 1, 299),
(273, 265, 5, 131),
(274, 266, 2, 265),
(275, 267, 1, 146),
(276, 268, 3, 521),
(277, 269, 6, 333),
(278, 270, 2, 661),
(279, 271, 7, 646),
(280, 272, 5, 299),
(281, 273, 7, 565),
(282, 274, 6, 52),
(283, 275, 6, 226),
(284, 276, 1, 71),
(285, 277, 1, 162),
(286, 278, 7, 647),
(287, 279, 1, 484),
(288, 280, 6, 637),
(289, 281, 4, 667),
(290, 282, 4, 434),
(291, 283, 5, 557),
(292, 284, 2, 76),
(293, 285, 1, 527),
(294, 286, 1, 434),
(295, 287, 3, 348),
(296, 288, 4, 363),
(297, 289, 5, 259),
(298, 290, 3, 232),
(299, 291, 5, 68),
(300, 292, 6, 113),
(301, 293, 1, 406),
(302, 294, 5, 475),
(303, 295, 3, 189),
(304, 296, 5, 172),
(305, 297, 1, 116),
(306, 298, 3, 573),
(307, 299, 3, 435),
(308, 300, 1, 510),
(309, 301, 7, 450),
(310, 302, 3, 679),
(311, 303, 3, 421),
(312, 304, 6, 62),
(313, 305, 1, 598),
(314, 306, 2, 170),
(315, 307, 1, 373),
(316, 308, 3, 461),
(317, 309, 3, 179),
(318, 310, 1, 619),
(319, 311, 7, 56),
(320, 312, 6, 586),
(321, 313, 6, 500),
(322, 314, 3, 518),
(323, 315, 6, 505),
(324, 316, 4, 682),
(325, 317, 7, 322),
(326, 318, 1, 572),
(327, 319, 2, 168),
(328, 320, 3, 509),
(329, 321, 3, 694),
(330, 322, 2, 465),
(331, 323, 3, 454),
(332, 324, 7, 309),
(333, 325, 4, 235),
(334, 326, 3, 699),
(335, 327, 3, 63),
(336, 328, 1, 446),
(337, 329, 1, 319),
(338, 330, 4, 241),
(339, 331, 2, 657),
(340, 332, 5, 530),
(341, 333, 3, 284),
(342, 334, 1, 206),
(343, 335, 5, 512),
(344, 336, 1, 421),
(345, 337, 3, 235),
(346, 338, 3, 417),
(347, 339, 5, 474),
(348, 340, 6, 545),
(349, 341, 6, 352),
(350, 342, 6, 610),
(351, 343, 4, 519),
(352, 344, 5, 430),
(353, 345, 1, 291),
(354, 346, 6, 627),
(355, 347, 3, 82),
(356, 348, 1, 533),
(357, 349, 1, 468),
(358, 350, 7, 239),
(359, 351, 3, 185),
(360, 352, 6, 34),
(361, 353, 5, 462),
(362, 354, 1, 455),
(363, 355, 2, 635),
(364, 356, 3, 616),
(365, 357, 3, 484),
(366, 358, 3, 153),
(367, 359, 7, 663),
(368, 360, 7, 209),
(369, 361, 4, 390),
(370, 362, 1, 351),
(371, 363, 1, 208),
(372, 364, 7, 445),
(373, 365, 2, 530),
(374, 366, 4, 137),
(375, 367, 3, 553),
(376, 368, 6, 558),
(377, 369, 5, 669),
(378, 370, 3, 161),
(379, 371, 7, 338),
(380, 372, 5, 415),
(381, 373, 5, 61),
(382, 374, 3, 306),
(383, 375, 4, 397),
(384, 376, 3, 527),
(385, 377, 4, 474),
(386, 378, 4, 591),
(387, 379, 1, 492),
(388, 380, 6, 631);

-- --------------------------------------------------------

--
-- Table structure for table `diskon`
--

CREATE TABLE `diskon` (
  `id_diskon` int(11) NOT NULL,
  `id_produk` int(11) NOT NULL,
  `tgl_diskon` varchar(15) NOT NULL,
  `diskon` int(11) NOT NULL,
  `nama_diskon` varchar(20) NOT NULL,
  `member` int(11) NOT NULL
) ENGINE=InnoDB DEFAULT CHARSET=latin1;

-- --------------------------------------------------------

--
-- Table structure for table `pelanggan`
--

CREATE TABLE `pelanggan` (
  `id_pelanggan` int(11) NOT NULL,
  `nama_pelanggan` varchar(125) NOT NULL,
  `alamat` text NOT NULL,
  `username` varchar(30) NOT NULL,
  `password` varchar(30) NOT NULL,
  `level_member` int(11) NOT NULL
) ENGINE=InnoDB DEFAULT CHARSET=latin1;

--
-- Dumping data for table `pelanggan`
--

INSERT INTO `pelanggan` (`id_pelanggan`, `nama_pelanggan`, `alamat`, `username`, `password`, `level_member`) VALUES
(1, 'Sunandar', 'Jln. Purawawinangun Rt.08/03 Kec.Kuningan', 'nandar', 'nandar', 1),
(2, 'ADE NANANG', 'PARIGI PANGANDARAN', 'ade_nanang', 'ade_nanang', 2),
(3, 'A DEDI', 'KUNINGAN', 'a_dedi', 'a_dedi', 4),
(4, '3 PUTRA', 'CIBINBIN KUNINGAN', '3_putra', '3_putra', 2),
(5, '3 PUTRI', 'LURAGUNG KUNINGAN', '3_putri', '3_putri', 2),
(6, '3 SAUDARA', 'CIHIDEUNG KUNINGAN', '3_saudara', '3_saudara', 3),
(7, '3 SAUDARA', 'JATIPANCUR KUNINGAN', '3_saudara', '3_saudara', 2),
(8, '3 SAUDARA', 'CIAWI GEBANG KUNINGAN', '3_saudara', '3_saudara', 2),
(9, 'ABADI', 'KEDOKAN GABUS INDRAMAYU', 'abadi', 'abadi', 2),
(10, 'ABU', 'CIAWI GEBANG KUNINGAN', 'abu', 'abu', 2),
(11, 'ABUD', 'CIKIJING MAJALENGKA', 'abud', 'abud', 2),
(12, 'ABUD', 'CIREBON', 'abud', 'abud', 4),
(13, 'ADE', 'CINAGARA KUNINGAN', 'ade', 'ade', 2),
(14, 'ADE APIT', 'TASIK', 'ade_apit', 'ade_apit', 2),
(15, 'AGUNG INDAH', 'CIAWI GEBANG KUNINGAN', 'agung_indah', 'agung_indah', 2),
(16, 'AGUS', 'DARMA KUNINGAN', 'agus', 'agus', 2),
(17, 'AGUS', 'MAJA MAJALENGKA', 'agus', 'agus', 2),
(18, 'AHMAD ZAENI', 'ASTANA JAPURA CIREBON', 'ahmad_zaeni', 'ahmad_zaeni', 2),
(19, 'AL-BADAR', 'LEWUIMUNDING MAJALENGKA', 'al-badar', 'al-badar', 2),
(20, 'AL-FATIH', 'LURAGUNG KUNINGAN', 'al-fatih', 'al-fatih', 2),
(21, 'ALIT', 'DARMA KUNINGAN', 'alit', 'alit', 2),
(22, 'ALNID', 'GEGESIK CIAWI GEBANG KUNINGAN', 'alnid', 'alnid', 5),
(23, 'AL-QOMAT', 'RAJAGALUH MAJALENGKA', 'al-qomat', 'al-qomat', 2),
(24, 'AMANAH', 'LENGKONG KUNINGAN', 'amanah', 'amanah', 2),
(25, 'AMANDA TOYA', 'KARANGWARENG CIREBON', 'amanda_toya', 'amanda_toya', 2),
(26, 'AMIN', 'ASTANA JAPURA CIREBON', 'amin', 'amin', 2),
(27, 'AMNADA TOYA', 'KARANGWARENG CIREBON', 'amnada_toya', 'amnada_toya', 2),
(28, 'AN NUR', 'CIDAHU KUNINGAN', 'an_nur', 'an_nur', 2),
(29, 'AN NUR', 'CIBINBIN KUNINGAN', 'an_nur', 'an_nur', 2),
(30, 'ANAN', 'BABAKAN MULYA', 'anan', 'anan', 2),
(31, 'ANDALAS', 'KAWALI CIAMIS', 'andalas', 'andalas', 4),
(32, 'ANDI', 'PEJATEN INDRAMAYU', 'andi', 'andi', 2),
(33, 'ANDREAS', 'CIREBON', 'andreas', 'andreas', 2),
(34, 'ANDRI', 'BANJARSARI', 'andri', 'andri', 2),
(35, 'ANEKA SANDANG', 'KADURAMA KUNINGAN', 'aneka_sandang', 'aneka_sandang', 2),
(36, 'ANEKA SANDANG', 'PANGKALAN KUNINGAN', 'aneka_sandang', 'aneka_sandang', 2),
(37, 'ANEKA SANDANG', 'CIAWI GEBANG KUNINGAN', 'aneka_sandang', 'aneka_sandang', 2),
(38, 'ANISA', 'KUNINGAN', 'anisa', 'anisa', 2),
(39, 'ANTO', 'RANDUSANGA BREBES', 'anto', 'anto', 2),
(40, 'ANUGRAH', 'RAJAGALUH MAJALENGKA', 'anugrah', 'anugrah', 2),
(41, 'ANUGRAH TIRTA', 'JL JUANDA KUNINGAN', 'anugrah_tirta', 'anugrah_tirta', 2),
(42, 'ANWAR/RIO', 'KUNINGAN', 'anwar/rio', 'anwar/rio', 5),
(43, 'APEP', 'CILEDUG CIREBON', 'apep', 'apep', 4),
(44, 'ARCO', 'CIRENDANG KUNINGAN', 'arco', 'arco', 2),
(45, 'ARCO', 'ASTANA JAPURA CIREBON', 'arco', 'arco', 2),
(46, 'ARCO', 'KASTURI KUNINGAN', 'arco', 'arco', 2),
(47, 'ARI/AL-BARKAH', 'LANGENSARI', 'ari/al-barkah', 'ari/al-barkah', 2),
(48, 'ARI/AL-BARKAH', 'BANJARPATROMAN', 'ari/al-barkah', 'ari/al-barkah', 2),
(49, 'ARI/AL-BARKAH', 'LAKBOK', 'ari/al-barkah', 'ari/al-barkah', 2),
(50, 'ARI/BINTANG TIMUR', 'BANJARPATROMAN', 'ari/bintang_timur', 'ari/bintang_timur', 2),
(51, 'ARI/DEWI', 'BANJARPATROMAN', 'ari/dewi', 'ari/dewi', 2),
(52, 'ARI/ENDANG', 'LANGENSARI', 'ari/endang', 'ari/endang', 5),
(53, 'ARI/ENDANG', 'LAKBOK', 'ari/endang', 'ari/endang', 2),
(54, 'ARI/ENDANG', 'BANJARPATROMAN', 'ari/endang', 'ari/endang', 2),
(55, 'ARI/H MAMAN', 'LAKBOK', 'ari/h_maman', 'ari/h_maman', 2),
(56, 'ARI/HARAPAN', 'BANJARPATROMAN', 'ari/harapan', 'ari/harapan', 2),
(57, 'ARI/HARAPAN', 'LAKBOK', 'ari/harapan', 'ari/harapan', 2),
(58, 'ARI/INTAN', 'BANJARPATROMAN', 'ari/intan', 'ari/intan', 2),
(59, 'ARI/JAJA', 'LANGENSARI', 'ari/jaja', 'ari/jaja', 2),
(60, 'ARI/LAKSANA', 'LANGENSARI', 'ari/laksana', 'ari/laksana', 2),
(61, 'ARI/LAKSANA', 'BANJARPATROMAN', 'ari/laksana', 'ari/laksana', 2),
(62, 'ARI/LULURAN', 'BANJARPATROMAN', 'ari/luluran', 'ari/luluran', 2),
(63, 'ARI/NEW PANTES', 'BANJARPATROMAN', 'ari/new_pantes', 'ari/new_pantes', 2),
(64, 'ARI/ODAKA', 'LAKBOK', 'ari/odaka', 'ari/odaka', 2),
(65, 'ARI/SALUYU', 'LANGENSARI', 'ari/saluyu', 'ari/saluyu', 2),
(66, 'ARI/SAMUDRA', 'LAKBOK', 'ari/samudra', 'ari/samudra', 2),
(67, 'ARI/SAMUDRA KUE', 'BANJARPATROMAN', 'ari/samudra_kue', 'ari/samudra_kue', 2),
(68, 'ARI/SBN', 'BANJARPATROMAN', 'ari/sbn', 'ari/sbn', 2),
(69, 'ARI/SENADA', 'LAKBOK', 'ari/senada', 'ari/senada', 2),
(70, 'ARI/SINAR ABADI', 'LANGENSARI', 'ari/sinar_abadi', 'ari/sinar_abadi', 2),
(71, 'ARI/SINAR BARU', 'BANJARPATROMAN', 'ari/sinar_baru', 'ari/sinar_baru', 2),
(72, 'ARI/TK HARAPAN', 'BANJARPATROMAN', 'ari/tk_harapan', 'ari/tk_harapan', 2),
(73, 'ARI/YANTO', 'LAKBOK', 'ari/yanto', 'ari/yanto', 2),
(74, 'ARIP', 'LURAGUNG KUNINGAN', 'arip', 'arip', 2),
(75, 'ARIP', 'BANGKIR  KUNINGAN', 'arip', 'arip', 2),
(76, 'ARIP', 'CIKADU KUNINGAN', 'arip', 'arip', 2),
(77, 'ARIP', 'TB ', 'arip', 'arip', 2),
(78, 'ARIP/CAMAT', 'BANGKIR INDRAMAYU', 'arip/camat', 'arip/camat', 2),
(79, 'ARIS', 'RANCAH', 'aris', 'aris', 4),
(80, 'ARIS/SINAR BARU', 'RANCAH', 'aris/sinar_baru', 'aris/sinar_baru', 2),
(81, 'ARIS/YADI', 'RANCAH', 'aris/yadi', 'aris/yadi', 2),
(82, 'AROPAH', 'SEDONG CIREBON', 'aropah', 'aropah', 5),
(83, 'ARUMAN', 'KALIMANGGIS KUNINGAN', 'aruman', 'aruman', 2),
(84, 'ARUMAN', 'KALIMANGGIS CIREBON', 'aruman', 'aruman', 2),
(85, 'AS', 'KADUGEDE KUNINGAN', 'as', 'as', 2),
(86, 'ASEP WIJAYA', 'CILIMUS KUNINGAN', 'asep_wijaya', 'asep_wijaya', 2),
(87, 'ASSALLAM', 'CIGARUGAK KUNINGAN', 'assallam', 'assallam', 2),
(88, 'ATCO', 'ASTANA JAPURA CIREBON', 'atco', 'atco', 2),
(89, 'AWANG', 'CIREBON', 'awang', 'awang', 2),
(90, 'BANGKIT', 'KUNINGAN', 'bangkit', 'bangkit', 2),
(91, 'BAPAK ANAS', 'MANIS KIDUL', 'bapak_anas', 'bapak_anas', 2),
(92, 'BERKAH', 'GUNUNG KARUNG KUNINGAN', 'berkah', 'berkah', 2),
(93, 'BERKAH', 'PSR IKAN LURAGUNG KUNINGAN', 'berkah', 'berkah', 2),
(94, 'BERKAH JAYA', 'PSR IKAN LURAGUNG KUNINGAN', 'berkah_jaya', 'berkah_jaya', 2),
(95, 'BERKAH JAYA', 'PANGKALAN KUNINGAN', 'berkah_jaya', 'berkah_jaya', 4),
(96, 'BERKAH JAYA/UMED', 'CIAWI GEBANG KUNINGAN', 'berkah_jaya/umed', 'berkah_jaya/umed', 2),
(97, 'BERKAH/UMED', 'CIAWI KUNINGAN', 'berkah/umed', 'berkah/umed', 2),
(98, 'BINANGKIT', 'RAJAGALUH MAJALENGKA', 'binangkit', 'binangkit', 2),
(99, 'BPK ADE', 'RAJAPOLAH TASIK', 'bpk_ade', 'bpk_ade', 2),
(100, 'BPK EDI/PAK SHUKRON', 'KUNINGAN', 'bpk_edi/pak_shukron', 'bpk_edi/pak_shukron', 2),
(101, 'BPK IAN', 'KUNINGAN', 'bpk_ian', 'bpk_ian', 2),
(102, 'BPK WITONO', 'WATERBOOM CILEDUG CIREBON', 'bpk_witono', 'bpk_witono', 2),
(103, 'BRKAH JAYA', 'PSR IKAN LURAGUNG KUNINGAN', 'brkah_jaya', 'brkah_jaya', 2),
(104, 'BU UJU', 'KUNINGAN', 'bu_uju', 'bu_uju', 2),
(105, 'BUDIMAN', 'PANGANDARAN', 'budiman', 'budiman', 2),
(106, 'CAHAYA PUTRA', 'JL,BARU BABAKAN REMA KUNINGAN', 'cahaya_putra', 'cahaya_putra', 2),
(107, 'CAHAYA PUTRA', 'TARAJU KUNINGAN', 'cahaya_putra', 'cahaya_putra', 2),
(108, 'CI YEYEN', 'LURAGUNG KUNINGAN', 'ci_yeyen', 'ci_yeyen', 2),
(109, 'CINTA MANAH', 'CIKIJING MAJALENGKA', 'cinta_manah', 'cinta_manah', 2),
(110, 'DANU', 'KARANGWARENG CIREBON', 'danu', 'danu', 2),
(111, 'DARKIM', 'BANDUNGSARI BREBES', 'darkim', 'darkim', 2),
(112, 'DARSONO', 'CIDAHU KUNINGAN', 'darsono', 'darsono', 2),
(113, 'DEDE', 'LURAGUNG KUNINGAN', 'dede', 'dede', 2),
(114, 'DEDI', 'KUNINGN', 'dedi', 'dedi', 2),
(115, 'DENA', 'PAGUNDAN KUNINGAN', 'dena', 'dena', 2),
(116, 'DIAN', 'LURAGUNG KUNINGAN', 'dian', 'dian', 2),
(117, 'DINAR', 'CIBINBIN KUNINGAN', 'dinar', 'dinar', 4),
(118, 'DINAR/AGUS', 'CIBINBIN KUNINGAN', 'dinar/agus', 'dinar/agus', 2),
(119, 'DINAR/KUD', 'CIBINBIN KUNINGAN', 'dinar/kud', 'dinar/kud', 3),
(120, 'DINAR/PD MUKTI', 'CIBINBIN KUNINGAN', 'dinar/pd_mukti', 'dinar/pd_mukti', 2),
(121, 'DINAR/PIPIT', 'CIBINBIN KUNINGAN', 'dinar/pipit', 'dinar/pipit', 4),
(122, 'DKM', 'JALAKSANA', 'dkm', 'dkm', 2),
(123, 'DN JAYA', 'RAJAGALUH MAJALENGKA', 'dn_jaya', 'dn_jaya', 2),
(124, 'DOK RIANI', 'KUNINGAN', 'dok_riani', 'dok_riani', 2),
(125, 'DOMBA AYU', 'LURAGUNG KUNINGAN', 'domba_ayu', 'domba_ayu', 3),
(126, 'DOMBA AYU', 'PAGUNDAN KUNINGAN', 'domba_ayu', 'domba_ayu', 2),
(127, 'DONI RUSLY', 'KARANGSINOM INDRAMAYU', 'doni_rusly', 'doni_rusly', 2),
(128, 'DOPIR', 'CIREBON', 'dopir', 'dopir', 2),
(129, 'EDI BEBEK', 'KUNINGAN', 'edi_bebek', 'edi_bebek', 3),
(130, 'EHA', 'CIAWI GEBANG KUNINGAN', 'eha', 'eha', 2),
(131, 'EKA', 'BODE CIREBON', 'eka', 'eka', 2),
(132, 'EKO', 'PURWOKERTO', 'eko', 'eko', 2),
(133, 'ELAN', 'CIKAHALANG CIREBON', 'elan', 'elan', 2),
(134, 'ELIN', 'CIAWI GEBANG KUNINGAN', 'elin', 'elin', 2),
(135, 'ELY', 'CIHIDEUNG KUNINGAN', 'ely', 'ely', 4),
(136, 'EMO', 'CINAGARA KUNINGAN', 'emo', 'emo', 2),
(137, 'ENAH', 'BUGEL INDRAMAYU', 'enah', 'enah', 2),
(138, 'ENDAN TIWI', 'PABUARAN CIREBON', 'endan_tiwi', 'endan_tiwi', 2),
(139, 'ENDANG', 'KAWALI CIAMIS', 'endang', 'endang', 4),
(140, 'ENDANG', 'PRODUKSI', 'endang', 'endang', 2),
(141, 'ENDRY', 'KUNINGAN', 'endry', 'endry', 2),
(142, 'ENDUY', 'KAWALI CIAMIS', 'enduy', 'enduy', 2),
(143, 'ETI JUWITA', 'LURAGUNG KUNINGAN', 'eti_juwita', 'eti_juwita', 3),
(144, 'FAHMI', 'SELAJAMBE KUNINGAN', 'fahmi', 'fahmi', 4),
(145, 'FAHMI', 'KUNINGAN', 'fahmi', 'fahmi', 2),
(146, 'FAJAR', 'LURAGUNG KUNINGAN', 'fajar', 'fajar', 2),
(147, 'FAJAR', 'JALAKSANA KUNINGAN', 'fajar', 'fajar', 2),
(148, 'FAJAR', 'KADUGEDE KUNINGAN', 'fajar', 'fajar', 2),
(149, 'FAJRI', 'LURAGUNG KUNINGAN', 'fajri', 'fajri', 4),
(150, 'FERDY', 'PRODUKSI', 'ferdy', 'ferdy', 2),
(151, 'FIA', 'PLOSO INDRAMAYU', 'fia', 'fia', 2),
(152, 'FORTUNA', 'CIKIJING MAJALENGKA', 'fortuna', 'fortuna', 2),
(153, 'GASUY', 'SOPIR', 'gasuy', 'gasuy', 2),
(154, 'H AGUS', 'DARMA KUNINGAN', 'h_agus', 'h_agus', 3),
(155, 'H ALEX', 'WILANEGARA KUNINGAN', 'h_alex', 'h_alex', 2),
(156, 'H DHANI', 'TALAGA MAJALENGKA', 'h_dhani', 'h_dhani', 2),
(157, 'H DIDIN', 'BANJARPATROMAN', 'h_didin', 'h_didin', 2),
(158, 'H DIDIN/ICEP', 'CIMARAGAS BANJARPATROMAN', 'h_didin/icep', 'h_didin/icep', 2),
(159, 'H DIDIN/PANDAWA', 'BANJARSARI', 'h_didin/pandawa', 'h_didin/pandawa', 2),
(160, 'H DIDIN/PANDAWA', 'BANJARPATROMAN', 'h_didin/pandawa', 'h_didin/pandawa', 2),
(161, 'H DIDIN/TK SALAM', 'PANULUSAN', 'h_didin/tk_salam', 'h_didin/tk_salam', 2),
(162, 'H ELIN', 'CIAWI GEBANG KUNINGAN', 'h_elin', 'h_elin', 2),
(163, 'H ENDANG', 'KAWALI CIAMIS', 'h_endang', 'h_endang', 2),
(164, 'H ENJEN', 'CIKEUSIK KUNINGAN', 'h_enjen', 'h_enjen', 2),
(165, 'H ENOK', 'CILIMUS KUNINGAN', 'h_enok', 'h_enok', 2),
(166, 'H ENTIN', 'RAJAGALUH MAJALENGKA', 'h_entin', 'h_entin', 2),
(167, 'H PIPIT', 'CIAWI GEBANG KUNINGAN', 'h_pipit', 'h_pipit', 2),
(168, 'H UDIN', 'CIHIDEUNG KUNINGAN', 'h_udin', 'h_udin', 2),
(169, 'HADI', 'CIDAHU KUNINGAN', 'hadi', 'hadi', 2),
(170, 'HAFISAH', 'KUNINGAN', 'hafisah', 'hafisah', 2),
(171, 'HANA', 'CIDAHU KUNINGAN', 'hana', 'hana', 2),
(172, 'HD', 'CIKIJING MAJALENGKA', 'hd', 'hd', 2),
(173, 'HENDIRK', 'SITANGGAL BREBES', 'hendirk', 'hendirk', 2),
(174, 'HENDRA', 'CILOWA', 'hendra', 'hendra', 4),
(175, 'HERI', 'KUNINGAN', 'heri', 'heri', 2),
(176, 'HIDAYAT', 'KERSANA BREBES', 'hidayat', 'hidayat', 2),
(177, 'HIKMAH', 'KAPANDAYAN KUNINGAN', 'hikmah', 'hikmah', 2),
(178, 'HJ IMI', 'CIAWI GEBANG KUNINGAN', 'hj_imi', 'hj_imi', 2),
(179, 'HJ NOK', 'CILIMUS KUNINGAN', 'hj_nok', 'hj_nok', 4),
(180, 'IAN', 'KUNINGAN', 'ian', 'ian', 2),
(181, 'IBU ASMI', 'KUNINGAN', 'ibu_asmi', 'ibu_asmi', 2),
(182, 'IBU EFENDI', 'KASTURI', 'ibu_efendi', 'ibu_efendi', 0),
(183, 'IBU ENOK', 'CILIMUS KUNINGAN', 'ibu_enok', 'ibu_enok', 0),
(184, 'IBU IDAH', 'HUSNUL KHOTIMAH', 'ibu_idah', 'ibu_idah', 0),
(185, 'IBU IMAS', 'BABAKAN', 'ibu_imas', 'ibu_imas', 0),
(186, 'IBU NENTI', 'KUNINGAN', 'ibu_nenti', 'ibu_nenti', 0),
(187, 'IBU RIA', 'HUSNUL KHOTIMAH', 'ibu_ria', 'ibu_ria', 0),
(188, 'IBU SRI', 'CIREBON', 'ibu_sri', 'ibu_sri', 0),
(189, 'IIM', 'LURAGUNG KUNINGAN', 'iim', 'iim', 0),
(190, 'ILHAM', 'ASTANA JAPURA CIREBON', 'ilham', 'ilham', 0),
(191, 'INDAH JAYA', 'MALAUSMA MAJALENGKA', 'indah_jaya', 'indah_jaya', 0),
(192, 'INDEP', 'RAJAGALUH MAJALENGKA', 'indep', 'indep', 0),
(193, 'IPAH', 'WILANEGARA KUNINGAN', 'ipah', 'ipah', 0),
(194, 'IRFAN', 'KOJENGKANG KUNINGAN', 'irfan', 'irfan', 0),
(195, 'IRFAN', 'PRODUKSI', 'irfan', 'irfan', 0),
(196, 'IRWAN', 'KUNINGAN', 'irwan', 'irwan', 0),
(197, 'IYAN', 'CIREBON', 'iyan', 'iyan', 0),
(198, 'JIHAN', 'KADIPATEN MAJALENGKA', 'jihan', 'jihan', 0),
(199, 'JUJU', 'BEBER CIREBON', 'juju', 'juju', 0),
(200, 'JUJU', 'KONDANGSARI BREBES', 'juju', 'juju', 0),
(201, 'KAMAL ', 'BANDUNGSARI BREBES', 'kamal_', 'kamal_', 0),
(202, 'KARYAWAN PRODUKSI', 'KUNINGAN', 'karyawan_produksi', 'karyawan_produksi', 0),
(203, 'KEMBAR PUTRI', 'DARMA KUNINGAN', 'kembar_putri', 'kembar_putri', 0),
(204, 'KHASANAH', 'CIDAHU KUNINGAN', 'khasanah', 'khasanah', 0),
(205, 'KIKI', 'PASELAMAN CILEDUG CIREBON', 'kiki', 'kiki', 0),
(206, 'KLINIK SAMARA', 'KUNINGAN', 'klinik_samara', 'klinik_samara', 0),
(207, 'KLINIK SAMARA', 'JALAKSANA KUNINGAN', 'klinik_samara', 'klinik_samara', 0),
(208, 'KOKO', 'KUNINGAN', 'koko', 'koko', 0),
(209, 'LEGI', 'RAJAGALUH MAJALENGKA', 'legi', 'legi', 0),
(210, 'LELA', 'CIPEDANG INDRAMAYU', 'lela', 'lela', 0),
(211, 'LIA', 'KUNINGAN', 'lia', 'lia', 0),
(212, 'LILIK', 'ASTANA JAPURA CIREBON', 'lilik', 'lilik', 0),
(213, 'LINDA MOTOR', 'CIWARU KUNINGAN', 'linda_motor', 'linda_motor', 0),
(214, 'LINTANG', 'TRISI INDRAMAYU', 'lintang', 'lintang', 0),
(215, 'LUKI', 'CIWARU KUNINGAN', 'luki', 'luki', 0),
(216, 'LUMAYAN', 'OLECED KUNINGAN', 'lumayan', 'lumayan', 0),
(217, 'M RAFAEL', 'PANGKALAN KUNINGAN', 'm_rafael', 'm_rafael', 0),
(218, 'M99', 'CIPICUNG KUNINGAN', 'm99', 'm99', 0),
(219, 'MAJELIS ASH SHUFA', 'KUNINGAN', 'majelis_ash_shufa', 'majelis_ash_shufa', 0),
(220, 'MAJELIS ASH SUFFAH', 'BABAKAN MULYA', 'majelis_ash_suffah', 'majelis_ash_suffah', 0),
(221, 'MAKMURI', 'COMAL PEMALANG', 'makmuri', 'makmuri', 0),
(222, 'MANAGEMENT UNIKU', 'KUNINGAN', 'management_uniku', 'management_uniku', 0),
(223, 'MARISA', 'UNIKU', 'marisa', 'marisa', 0),
(224, 'MAS HARJO', 'BATANG', 'mas_harjo', 'mas_harjo', 0),
(225, 'MAZAYA', 'CIWARU KUNINGAN', 'mazaya', 'mazaya', 0),
(226, 'MEGA', 'CIDAHU KUNINGAN', 'mega', 'mega', 0),
(227, 'MERAH PUTIH', 'PEMALANG', 'merah_putih', 'merah_putih', 0),
(228, 'MIA', 'KUNINGAN', 'mia', 'mia', 0),
(229, 'MIMIN', 'ASTANA JAPURA CIREBON', 'mimin', 'mimin', 0),
(230, 'MIMIN', 'LURAGUNG KUNINGAN', 'mimin', 'mimin', 0),
(231, 'MIRAH', 'CIAWI GEBANG KUNINGAN', 'mirah', 'mirah', 0),
(232, 'MITRA INDAH', 'LURAGUNG KUNINGAN', 'mitra_indah', 'mitra_indah', 0),
(233, 'MITRA INDAH', 'CIBEUREUM CIBINBIN KUNINGAN', 'mitra_indah', 'mitra_indah', 0),
(234, 'MUFIDAH', 'LOSARI CIREBON', 'mufidah', 'mufidah', 0),
(235, 'MUJUR', 'KARANGWARENG CIREBON', 'mujur', 'mujur', 0),
(236, 'MULIA', 'KADUGEDE KUNINGAN', 'mulia', 'mulia', 0),
(237, 'MULIA GLOSIR', 'LURAGUNG KUNINGAN', 'mulia_glosir', 'mulia_glosir', 0),
(238, 'MULYADI', 'KEMEPD INDRAMAYU', 'mulyadi', 'mulyadi', 0),
(239, 'NAUFAL', 'KEMPEK KARANGSINOM INDRAMAYU', 'naufal', 'naufal', 0),
(240, 'NENDEN', 'KUNINGAN', 'nenden', 'nenden', 0),
(241, 'NENENG', 'KUNINGAN', 'neneng', 'neneng', 0),
(242, 'NIRWANA', 'CIKEUSIK KUNINGAN', 'nirwana', 'nirwana', 0),
(243, 'NITA', 'KUNINGAN', 'nita', 'nita', 0),
(244, 'NONO', 'SOPIR', 'nono', 'nono', 0),
(245, 'NOUVAL', 'KUNINGAN', 'nouval', 'nouval', 0),
(246, 'NOVAL', 'KUNINGAN', 'noval', 'noval', 0),
(247, 'NOVI', 'KUNINGAN', 'novi', 'novi', 0),
(248, 'NOVI/FERDI', 'KUNINGAN', 'novi/ferdi', 'novi/ferdi', 0),
(249, 'OJO/SENTRASERASI', 'CIBINBIN KUNINGAN', 'ojo/sentraserasi', 'ojo/sentraserasi', 0),
(250, 'OKS', 'PASAR KEPUH KUNINGAN', 'oks', 'oks', 0),
(251, 'OOM', 'ASTANA JAPURA CIREBON', 'oom', 'oom', 0),
(252, 'OONG', 'ASTANA JAPURA CIREBON', 'oong', 'oong', 0),
(253, 'OTENG', 'LURAGUNG KUNINGAN', 'oteng', 'oteng', 0),
(254, 'PADIL', 'LURAGUNG KUNINGAN', 'padil', 'padil', 0),
(255, 'PADILAH', 'TRISI INDRAMAYU', 'padilah', 'padilah', 0),
(256, 'PAK ABU', 'CIAWI GEBANG KUNINGAN', 'pak_abu', 'pak_abu', 0),
(257, 'PAK ADE', 'KUNINGAN', 'pak_ade', 'pak_ade', 0),
(258, 'PAK ADE', 'MUAT', 'pak_ade', 'pak_ade', 0),
(259, 'PAK ALIF', 'CIREBON', 'pak_alif', 'pak_alif', 0),
(260, 'PAK ALIF/PAK ANWAR', 'KUNINGAN', 'pak_alif/pak_anwar', 'pak_alif/pak_anwar', 0),
(261, 'PAK ANDREAS', 'CIREBON', 'pak_andreas', 'pak_andreas', 0),
(262, 'PAK ANDREAS', 'KUNINGAN', 'pak_andreas', 'pak_andreas', 0),
(263, 'PAK ANWAR', 'CIREBON', 'pak_anwar', 'pak_anwar', 0),
(264, 'PAK ANWAR', 'KUNINGAN', 'pak_anwar', 'pak_anwar', 0),
(265, 'PAK ARIS', 'KUNINGAN', 'pak_aris', 'pak_aris', 0),
(266, 'PAK BINTORO CV ARDEN BOYS', 'TASIK', 'pak_bintoro_cv_arden_boys', 'pak_bintoro_cv_arden_boys', 0),
(267, 'PAK BUDIMAN', 'PANGANDARAN', 'pak_budiman', 'pak_budiman', 0),
(268, 'PAK DIDING', 'KUNINGAN', 'pak_diding', 'pak_diding', 0),
(269, 'PAK DIDING', 'DSN 1 BABAKAN MULYA', 'pak_diding', 'pak_diding', 0),
(270, 'PAK DIDING', 'PENGAWAS', 'pak_diding', 'pak_diding', 0),
(271, 'PAK EKO', 'PUROWKERTO', 'pak_eko', 'pak_eko', 0),
(272, 'PAK ENDRI', 'KUNINGAN', 'pak_endri', 'pak_endri', 0),
(273, 'PAK H ASEP', 'KUNINGAN', 'pak_h_asep', 'pak_h_asep', 0),
(274, 'PAK H UCUP', 'KUNINGAN', 'pak_h_ucup', 'pak_h_ucup', 0),
(275, 'PAK HARI', 'SALES', 'pak_hari', 'pak_hari', 0),
(276, 'PAK HENDRA', 'KUNINGAN', 'pak_hendra', 'pak_hendra', 0),
(277, 'PAK IAN', 'KUNINGAN', 'pak_ian', 'pak_ian', 0),
(278, 'PAK IRWAN', 'KUNINGAN', 'pak_irwan', 'pak_irwan', 0),
(279, 'PAK IYAN', 'KUNINGAN', 'pak_iyan', 'pak_iyan', 0),
(280, 'PAK NONO', 'SOPIR', 'pak_nono', 'pak_nono', 0),
(281, 'PAK PULUNG', 'KUNINGAN', 'pak_pulung', 'pak_pulung', 0),
(282, 'PAK ROHENDI', 'KUNINGAN', 'pak_rohendi', 'pak_rohendi', 0),
(283, 'PAK RUKMANA', 'POLISI', 'pak_rukmana', 'pak_rukmana', 0),
(284, 'PAK SAEFUL', 'GUNUNG KELING KUNINGAN', 'pak_saeful', 'pak_saeful', 0),
(285, 'PAK SALAM', 'MUAT', 'pak_salam', 'pak_salam', 0),
(286, 'PAK SALAM', 'KUNINGAN', 'pak_salam', 'pak_salam', 0),
(287, 'PAK SALAM/PGRI', 'KUNINGAN', 'pak_salam/pgri', 'pak_salam/pgri', 0),
(288, 'PAK SHUKRON', 'KUNINGAN', 'pak_shukron', 'pak_shukron', 0),
(289, 'PAK SHUKRON / ZAKI', 'PRODUKSI', 'pak_shukron_/_zaki', 'pak_shukron_/_zaki', 0),
(290, 'PAK SHUKRON/PAK NANANG', 'KUNINGAN', 'pak_shukron/pak_nanang', 'pak_shukron/pak_nanang', 0),
(291, 'PAK SHUKRON/UKIN', 'KUNINGAN', 'pak_shukron/ukin', 'pak_shukron/ukin', 0),
(292, 'PAK WITONO', 'CILEDUG CIREBON', 'pak_witono', 'pak_witono', 0),
(293, 'PAK WIWIT', 'CIREBON', 'pak_wiwit', 'pak_wiwit', 0),
(294, 'PALIRUS', 'JATIBARANG INDRAMAYU', 'palirus', 'palirus', 0),
(295, 'PD PANTES', 'BANJARPATROMAN', 'pd_pantes', 'pd_pantes', 0),
(296, 'PERMANA RAHAYU', 'LURAGUNG KUNINGAN', 'permana_rahayu', 'permana_rahayu', 0),
(297, 'PERMATASARI', 'BUNISEURI CIAMIS', 'permatasari', 'permatasari', 0),
(298, 'POLSEK', 'PANCALANG', 'polsek', 'polsek', 0),
(299, 'PONDOK MAS HOTEL', 'CIREBON', 'pondok_mas_hotel', 'pondok_mas_hotel', 0),
(300, 'POPI', 'DARMA KUNINGAN', 'popi', 'popi', 0),
(301, 'PRIMA GROUP', 'RAJAGALUH MAJALENGKA', 'prima_group', 'prima_group', 0),
(302, 'PROZEN/AYIP', 'CIAWI KUNINGAN', 'prozen/ayip', 'prozen/ayip', 0),
(303, 'PUNDI', 'KOJENGKANG KUNINGAN', 'pundi', 'pundi', 0),
(304, 'PURNAMA ABADI', 'TASIK', 'purnama_abadi', 'purnama_abadi', 0),
(305, 'PUTRA CIMAHI', 'CIDAHU KUNINGAN', 'putra_cimahi', 'putra_cimahi', 0),
(306, 'PUTRA PANTES', 'BANJARPATROMAN', 'putra_pantes', 'putra_pantes', 0),
(307, 'PUTRA SINDANG', 'SIDARAJA KUNINGAN', 'putra_sindang', 'putra_sindang', 0),
(308, 'RAEHAN', 'TARAJU KUNINGAN', 'raehan', 'raehan', 0),
(309, 'RAFFI SADEWA', 'TRISI INDRAMAYU', 'raffi_sadewa', 'raffi_sadewa', 0),
(310, 'RIAN/PETOT', 'KUNINGAN', 'rian/petot', 'rian/petot', 0),
(311, 'RM NEDI', 'LURAGUNG KUNINGAN', 'rm_nedi', 'rm_nedi', 0),
(312, 'ROHMAT/DUDUNG', 'TARAJU KUNINGAN', 'rohmat/dudung', 'rohmat/dudung', 0),
(313, 'ROHMAT/SWALAYAN', 'LURAGUNG KUNINGAN', 'rohmat/swalayan', 'rohmat/swalayan', 0),
(314, 'RUKMANA', 'KUNINGAN', 'rukmana', 'rukmana', 0),
(315, 'SAEFUL', 'KUNINGAN', 'saeful', 'saeful', 0),
(316, 'SAHABAT PROZEN', 'LURAGUNG KUNINGAN', 'sahabat_prozen', 'sahabat_prozen', 0),
(317, 'SAHABAT PROZEN', 'CIAWI GEBANG KUNINGAN', 'sahabat_prozen', 'sahabat_prozen', 0),
(318, 'SANURI', 'PANGURAGAN CIREBON', 'sanuri', 'sanuri', 0),
(319, 'SEHATI', 'CIAWI GEBANG KUNINGAN DEPAN', 'sehati', 'sehati', 0),
(320, 'SEHATI', 'CIAWI GEBANG KUNINGAN BELAKANG', 'sehati', 'sehati', 0),
(321, 'SETIA', 'HAURKUNING KUNINGAN', 'setia', 'setia', 0),
(322, 'SIDIK', 'TRISI INDRAMAYU', 'sidik', 'sidik', 0),
(323, 'SILVI', 'CILEDUG CIREBON', 'silvi', 'silvi', 0),
(324, 'SILVI', 'CIHIDEUNG KUNINGAN', 'silvi', 'silvi', 0),
(325, 'SIMPANG 3', 'CIGUGUR KUNINGAN', 'simpang_3', 'simpang_3', 0),
(326, 'SITI/FUJI', 'KETANGGUNGAN BREBES', 'siti/fuji', 'siti/fuji', 0),
(327, 'SMAN 1', 'JALAKSANA KUNINGAN', 'sman_1', 'sman_1', 0),
(328, 'SRI', 'KUNINGAN', 'sri', 'sri', 0),
(329, 'SUGIARTO', 'KUNINGAN', 'sugiarto', 'sugiarto', 0),
(330, 'SUHAN', 'CIREBON', 'suhan', 'suhan', 0),
(331, 'SUHANA', 'CIDAHU KUNINGAN', 'suhana', 'suhana', 0),
(332, 'SUKARA', 'GANTAR INDRAMAYU', 'sukara', 'sukara', 0),
(333, 'SUM', 'SIDAMULYA', 'sum', 'sum', 0),
(334, 'SUMAR JAKARIA', 'DURAJAYA', 'sumar_jakaria', 'sumar_jakaria', 0),
(335, 'SUMBER URIP', 'MAJENANG', 'sumber_urip', 'sumber_urip', 0),
(336, 'SUMIYATI', 'KUNINGAN', 'sumiyati', 'sumiyati', 0),
(337, 'SURYA TOSERBA', 'JL.KARANG GETAS CIREBON', 'surya_toserba', 'surya_toserba', 0),
(338, 'SURYA TOSERBA', 'CIREBON', 'surya_toserba', 'surya_toserba', 0),
(339, 'SURYADI', 'BABAKAN MULYA', 'suryadi', 'suryadi', 0),
(340, 'SUTIKNO', 'KUNINGAN', 'sutikno', 'sutikno', 0),
(341, 'SWH WATER', 'ALUN ALUN INDRAMAYU', 'swh_water', 'swh_water', 0),
(342, 'TIGA PUTRA', 'CIBINBIN KUNINGAN', 'tiga_putra', 'tiga_putra', 0),
(343, 'TIGA PUTRA/KUD', 'CIBINBIN KUNINGAN', 'tiga_putra/kud', 'tiga_putra/kud', 0),
(344, 'TIGA PUTRA/PD MUKTI', 'CIBINBIN KUNINGAN', 'tiga_putra/pd_mukti', 'tiga_putra/pd_mukti', 0),
(345, 'TIRTA RAOS', 'BANJARPATROMAN', 'tirta_raos', 'tirta_raos', 0),
(346, 'TK ABADI', 'CIREBON', 'tk_abadi', 'tk_abadi', 0),
(347, 'TK ADE', 'CINAGARA KUNINGAN', 'tk_ade', 'tk_ade', 0),
(348, 'TK ALEX', 'WILANEGARA KUNINGAN', 'tk_alex', 'tk_alex', 0),
(349, 'TK ANDREAS', 'CIREBON', 'tk_andreas', 'tk_andreas', 0),
(350, 'TK ANDRI', 'JL.AYAM TEGAL', 'tk_andri', 'tk_andri', 0),
(351, 'TK AZKI', 'ASTANA JAPURA CIREBON', 'tk_azki', 'tk_azki', 0),
(352, 'TK EHA', 'CIAWI GEBANG KUNINGAN', 'tk_eha', 'tk_eha', 0),
(353, 'TK ELIN', 'CIAWI GEBANG KUNINGAN', 'tk_elin', 'tk_elin', 0),
(354, 'TK ELY', 'CIHIDUENG KUNINGAN', 'tk_ely', 'tk_ely', 0),
(355, 'TK ENDANG', 'KAWALI CIAMIS', 'tk_endang', 'tk_endang', 0),
(356, 'TK ENDI', 'CIGEDANG KUNINGAN', 'tk_endi', 'tk_endi', 0),
(357, 'TK H.D', 'CIAWI GEBANG KUNINGAN', 'tk_h.d', 'tk_h.d', 0),
(358, 'TK KECIL', 'LURAGUNG KUNINGAN', 'tk_kecil', 'tk_kecil', 0),
(359, 'TK LELI/GONE JAYA', 'SUKRA INDRAMAYU', 'tk_leli/gone_jaya', 'tk_leli/gone_jaya', 0),
(360, 'TK LIMA', 'PSR KEPUH KUNINGAN', 'tk_lima', 'tk_lima', 0),
(361, 'TK POPI', 'DARMA KUNINGAN', 'tk_popi', 'tk_popi', 0),
(362, 'TK SITI', 'BIMA CIREBON', 'tk_siti', 'tk_siti', 0),
(363, 'TK SITI/FUJI', 'KETANGGUNGAN BREBES', 'tk_siti/fuji', 'tk_siti/fuji', 0),
(364, 'TK TATI', 'SUMBER CIREBON', 'tk_tati', 'tk_tati', 0),
(365, 'TK YETI MARTINI', 'CIGEDANG KUNINGAN', 'tk_yeti_martini', 'tk_yeti_martini', 0),
(366, 'TONI', 'KENEK', 'toni', 'toni', 0),
(367, 'TOP SNACK', 'CIREBON', 'top_snack', 'top_snack', 0),
(368, 'UDIN', 'KUNINGAN', 'udin', 'udin', 0),
(369, 'UNIKU', 'KUNINGAN', 'uniku', 'uniku', 0),
(370, 'USMAN', 'KENEK', 'usman', 'usman', 0),
(371, 'VIOLA', 'RAJAGALUH MAJALENGKA', 'viola', 'viola', 0),
(372, 'VIRDY', 'BREBES', 'virdy', 'virdy', 0),
(373, 'WANATIRTA', 'CIREBON', 'wanatirta', 'wanatirta', 0),
(374, 'WARTAWAN', 'KUNINGAN', 'wartawan', 'wartawan', 0),
(375, 'WIWIT', 'CIREBON', 'wiwit', 'wiwit', 0),
(376, 'YANTI', 'PRODUKSI', 'yanti', 'yanti', 0),
(377, 'YASIR', 'TRISI INDRAMAYU', 'yasir', 'yasir', 0),
(378, 'YAYANG', 'KIAJARAN INDRAMAYU', 'yayang', 'yayang', 0),
(379, 'YAYAT', 'CIBINBIN KUNINGAN', 'yayat', 'yayat', 0),
(380, 'YOPI/MAYA', 'CIDAHU KUNINGAN', 'yopi/maya', 'yopi/maya', 0),
(381, 'YUSUP', 'PEKALONGAN', 'yusup', 'yusup', 0),
(382, 'YUSUP', 'TUK CIREBON', 'yusup', 'yusup', 0);

-- --------------------------------------------------------

--
-- Table structure for table `penilaian`
--

CREATE TABLE `penilaian` (
  `id_penilaian` int(11) NOT NULL,
  `id_transaksi` int(11) NOT NULL,
  `isi_penilaian` text NOT NULL
) ENGINE=InnoDB DEFAULT CHARSET=latin1;

--
-- Dumping data for table `penilaian`
--

INSERT INTO `penilaian` (`id_penilaian`, `id_transaksi`, `isi_penilaian`) VALUES
(1, 1, 'bagus banget');

-- --------------------------------------------------------

--
-- Table structure for table `produk`
--

CREATE TABLE `produk` (
  `id_produk` int(11) NOT NULL,
  `nama_produk` varchar(125) NOT NULL,
  `deskripsi` text NOT NULL,
  `stok` int(11) NOT NULL,
  `harga` varchar(15) NOT NULL,
  `gambar` text NOT NULL
) ENGINE=InnoDB DEFAULT CHARSET=latin1;

--
-- Dumping data for table `produk`
--

INSERT INTO `produk` (`id_produk`, `nama_produk`, `deskripsi`, `stok`, `harga`, `gambar`) VALUES
(1, 'Asmi Cup 240 ML', 'Air kemasan ukuran 240 ML', 10000, '12700', 'lemineral.png'),
(2, 'Asmi Botol 600 ML', 'Ukuran 600 ML', 2000, '25500', 'crystaline.png'),
(3, 'Asmi Botol 330 ML', 'Air Mineral Botol 330 ML', 4000, '24000', 'cleo.png'),
(4, 'Efata', 'Efata', 4000, '11600', 'aqua.png'),
(5, 'Efata Botol 600 ML', 'Ukuran 600 ML', 4000, '22500', 'asmi_botol.jpg'),
(6, 'Arta', 'Air Mineral merk Arta', 5000, '12500', 'asmi_botol1.jpg'),
(7, 'Eva', 'Air Mineral Merk Eva', 4550, '11400', 'asmi_botol2.jpg');

-- --------------------------------------------------------

--
-- Table structure for table `transaksi`
--

CREATE TABLE `transaksi` (
  `id_transaksi` int(11) NOT NULL,
  `id_pelanggan` int(11) NOT NULL,
  `tgl_transaksi` varchar(15) NOT NULL,
  `tot_transaksi` varchar(15) NOT NULL,
  `stat_transaksi` int(11) NOT NULL,
  `stat_pembayaran` int(11) NOT NULL,
  `bukti_pembayaran` text NOT NULL,
  `pengiriman` text NOT NULL,
  `ongkir` varchar(15) NOT NULL
) ENGINE=InnoDB DEFAULT CHARSET=latin1;

--
-- Dumping data for table `transaksi`
--

INSERT INTO `transaksi` (`id_transaksi`, `id_pelanggan`, `tgl_transaksi`, `tot_transaksi`, `stat_transaksi`, `stat_pembayaran`, `bukti_pembayaran`, `pengiriman`, `ongkir`) VALUES
(1, 2, '2022-01-03', '16510000', 4, 1, 'Screenshot_2022-06-27_1211561.png', 'Kuningan Kota.Kuningan Provinsi.Jawa Barat Expedisi.jne Paket.CTC', '7000'),
(2, 81, '2022-01-03', '8060000', 4, 1, 'Screenshot_2022-06-27_1211561.png', 'Kuningan Kota.Kuningan Provinsi.Jawa Barat Expedisi.jne Paket.CTC', '7000'),
(3, 231, '2022-01-03', '8255000', 4, 1, 'Screenshot_2022-06-27_1211561.png', 'Kuningan Kota.Kuningan Provinsi.Jawa Barat Expedisi.jne Paket.CTC', '7000'),
(4, 10, '2022-01-03', '8255000', 4, 1, 'Screenshot_2022-06-27_1211561.png', 'Kuningan Kota.Kuningan Provinsi.Jawa Barat Expedisi.jne Paket.CTC', '7000'),
(5, 134, '2022-01-03', '8125000', 4, 1, 'Screenshot_2022-06-27_1211561.png', 'Kuningan Kota.Kuningan Provinsi.Jawa Barat Expedisi.jne Paket.CTC', '7000'),
(6, 294, '2022-01-03', '8190000', 4, 1, 'Screenshot_2022-06-27_1211561.png', 'Kuningan Kota.Kuningan Provinsi.Jawa Barat Expedisi.jne Paket.CTC', '7000'),
(7, 101, '2022-01-03', '2950000', 4, 1, 'Screenshot_2022-06-27_1211561.png', 'Kuningan Kota.Kuningan Provinsi.Jawa Barat Expedisi.jne Paket.CTC', '7000'),
(8, 259, '2022-01-04', '395000', 4, 1, 'Screenshot_2022-06-27_1211561.png', 'Kuningan Kota.Kuningan Provinsi.Jawa Barat Expedisi.jne Paket.CTC', '7000'),
(9, 128, '2022-01-04', '6612000', 4, 1, 'Screenshot_2022-06-27_1211561.png', 'Kuningan Kota.Kuningan Provinsi.Jawa Barat Expedisi.jne Paket.CTC', '7000'),
(10, 117, '2022-01-04', '8255000', 4, 1, 'Screenshot_2022-06-27_1211561.png', 'Kuningan Kota.Kuningan Provinsi.Jawa Barat Expedisi.jne Paket.CTC', '7000'),
(11, 79, '2022-01-04', '5220000', 4, 1, 'Screenshot_2022-06-27_1211561.png', 'Kuningan Kota.Kuningan Provinsi.Jawa Barat Expedisi.jne Paket.CTC', '7000'),
(12, 51, '2022-01-04', '8125000', 4, 1, 'Screenshot_2022-06-27_1211561.png', 'Kuningan Kota.Kuningan Provinsi.Jawa Barat Expedisi.jne Paket.CTC', '7000'),
(13, 105, '2022-01-04', '16675000', 4, 1, 'Screenshot_2022-06-27_1211561.png', 'Kuningan Kota.Kuningan Provinsi.Jawa Barat Expedisi.jne Paket.CTC', '7000'),
(14, 128, '2022-01-04', '6840000', 4, 1, 'Screenshot_2022-06-27_1211561.png', 'Kuningan Kota.Kuningan Provinsi.Jawa Barat Expedisi.jne Paket.CTC', '7000'),
(15, 128, '2022-01-05', '6612000', 4, 1, 'Screenshot_2022-06-27_1211561.png', 'Kuningan Kota.Kuningan Provinsi.Jawa Barat Expedisi.jne Paket.CTC', '7000'),
(16, 108, '2022-01-05', '8255000', 4, 1, 'Screenshot_2022-06-27_1211561.png', 'Kuningan Kota.Kuningan Provinsi.Jawa Barat Expedisi.jne Paket.CTC', '7000'),
(17, 35, '2022-01-05', '8190000', 4, 1, 'Screenshot_2022-06-27_1211561.png', 'Kuningan Kota.Kuningan Provinsi.Jawa Barat Expedisi.jne Paket.CTC', '7000'),
(18, 136, '2022-01-05', '8320000', 4, 1, 'Screenshot_2022-06-27_1211561.png', 'Kuningan Kota.Kuningan Provinsi.Jawa Barat Expedisi.jne Paket.CTC', '7000'),
(19, 143, '2022-01-05', '8255000', 4, 1, 'Screenshot_2022-06-27_1211561.png', 'Kuningan Kota.Kuningan Provinsi.Jawa Barat Expedisi.jne Paket.CTC', '7000'),
(20, 79, '2022-01-05', '8120000', 4, 1, 'Screenshot_2022-06-27_1211561.png', 'Kuningan Kota.Kuningan Provinsi.Jawa Barat Expedisi.jne Paket.CTC', '7000'),
(21, 128, '2022-01-05', '6840000', 4, 1, 'Screenshot_2022-06-27_1211561.png', 'Kuningan Kota.Kuningan Provinsi.Jawa Barat Expedisi.jne Paket.CTC', '7000'),
(22, 128, '2022-01-06', '6612000', 4, 1, 'Screenshot_2022-06-27_1211561.png', 'Kuningan Kota.Kuningan Provinsi.Jawa Barat Expedisi.jne Paket.CTC', '7000'),
(23, 246, '2022-01-06', '7540000', 4, 1, 'Screenshot_2022-06-27_1211561.png', 'Kuningan Kota.Kuningan Provinsi.Jawa Barat Expedisi.jne Paket.CTC', '7000'),
(24, 10, '2022-01-06', '8320000', 4, 1, 'Screenshot_2022-06-27_1211561.png', 'Kuningan Kota.Kuningan Provinsi.Jawa Barat Expedisi.jne Paket.CTC', '7000'),
(25, 305, '2022-01-06', '8255000', 4, 1, 'Screenshot_2022-06-27_1211561.png', 'Kuningan Kota.Kuningan Provinsi.Jawa Barat Expedisi.jne Paket.CTC', '7000'),
(26, 305, '2022-01-06', '8255000', 4, 1, 'Screenshot_2022-06-27_1211561.png', 'Kuningan Kota.Kuningan Provinsi.Jawa Barat Expedisi.jne Paket.CTC', '7000'),
(27, 311, '2022-01-06', '8255000', 4, 1, 'Screenshot_2022-06-27_1211561.png', 'Kuningan Kota.Kuningan Provinsi.Jawa Barat Expedisi.jne Paket.CTC', '7000'),
(28, 128, '2022-01-06', '6384000', 4, 1, 'Screenshot_2022-06-27_1211561.png', 'Kuningan Kota.Kuningan Provinsi.Jawa Barat Expedisi.jne Paket.CTC', '7000'),
(29, 2, '2022-01-07', '16510000', 4, 1, 'Screenshot_2022-06-27_1211561.png', 'Kuningan Kota.Kuningan Provinsi.Jawa Barat Expedisi.jne Paket.CTC', '7000'),
(30, 12, '2022-01-07', '8125000', 4, 1, 'Screenshot_2022-06-27_1211561.png', 'Kuningan Kota.Kuningan Provinsi.Jawa Barat Expedisi.jne Paket.CTC', '7000'),
(31, 305, '2022-01-07', '8255000', 4, 1, 'Screenshot_2022-06-27_1211561.png', 'Kuningan Kota.Kuningan Provinsi.Jawa Barat Expedisi.jne Paket.CTC', '7000'),
(32, 305, '2022-01-07', '8255000', 4, 1, 'Screenshot_2022-06-27_1211561.png', 'Kuningan Kota.Kuningan Provinsi.Jawa Barat Expedisi.jne Paket.CTC', '7000'),
(33, 232, '2022-01-07', '8255000', 4, 1, 'Screenshot_2022-06-27_1211561.png', 'Kuningan Kota.Kuningan Provinsi.Jawa Barat Expedisi.jne Paket.CTC', '7000'),
(34, 216, '2022-01-07', '8255000', 4, 1, 'Screenshot_2022-06-27_1211561.png', 'Kuningan Kota.Kuningan Provinsi.Jawa Barat Expedisi.jne Paket.CTC', '7000'),
(35, 189, '2022-01-07', '8511000', 4, 1, 'Screenshot_2022-06-27_1211561.png', 'Kuningan Kota.Kuningan Provinsi.Jawa Barat Expedisi.jne Paket.CTC', '7000'),
(36, 128, '2022-01-07', '6042000', 4, 1, 'Screenshot_2022-06-27_1211561.png', 'Kuningan Kota.Kuningan Provinsi.Jawa Barat Expedisi.jne Paket.CTC', '7000'),
(37, 295, '2022-01-07', '8255000', 4, 1, 'Screenshot_2022-06-27_1211561.png', 'Kuningan Kota.Kuningan Provinsi.Jawa Barat Expedisi.jne Paket.CTC', '7000'),
(38, 132, '2022-01-08', '94500', 4, 1, 'Screenshot_2022-06-27_1211561.png', 'Kuningan Kota.Kuningan Provinsi.Jawa Barat Expedisi.jne Paket.CTC', '7000'),
(39, 166, '2022-01-08', '1300000', 4, 1, 'Screenshot_2022-06-27_1211561.png', 'Kuningan Kota.Kuningan Provinsi.Jawa Barat Expedisi.jne Paket.CTC', '7000'),
(40, 199, '2022-01-08', '1950000', 4, 1, 'Screenshot_2022-06-27_1211561.png', 'Kuningan Kota.Kuningan Provinsi.Jawa Barat Expedisi.jne Paket.CTC', '7000'),
(41, 128, '2022-01-08', '7410000', 4, 1, 'Screenshot_2022-06-27_1211561.png', 'Kuningan Kota.Kuningan Provinsi.Jawa Barat Expedisi.jne Paket.CTC', '7000'),
(42, 197, '2022-01-08', '4130000', 4, 1, 'Screenshot_2022-06-27_1211561.png', 'Kuningan Kota.Kuningan Provinsi.Jawa Barat Expedisi.jne Paket.CTC', '7000'),
(43, 297, '2022-01-08', '8255000', 4, 1, 'Screenshot_2022-06-27_1211561.png', 'Kuningan Kota.Kuningan Provinsi.Jawa Barat Expedisi.jne Paket.CTC', '7000'),
(44, 79, '2022-01-08', '8120000', 4, 1, 'Screenshot_2022-06-27_1211561.png', 'Kuningan Kota.Kuningan Provinsi.Jawa Barat Expedisi.jne Paket.CTC', '7000'),
(45, 79, '2022-01-08', '8480000', 4, 1, 'Screenshot_2022-06-27_1211561.png', 'Kuningan Kota.Kuningan Provinsi.Jawa Barat Expedisi.jne Paket.CTC', '7000'),
(46, 297, '2022-01-10', '8255000', 4, 1, 'Screenshot_2022-06-27_1211561.png', 'Kuningan Kota.Kuningan Provinsi.Jawa Barat Expedisi.jne Paket.CTC', '7000'),
(47, 232, '2022-01-10', '8255000', 4, 1, 'Screenshot_2022-06-27_1211561.png', 'Kuningan Kota.Kuningan Provinsi.Jawa Barat Expedisi.jne Paket.CTC', '7000'),
(48, 146, '2022-01-10', '8255000', 4, 1, 'Screenshot_2022-06-27_1211561.png', 'Kuningan Kota.Kuningan Provinsi.Jawa Barat Expedisi.jne Paket.CTC', '7000'),
(49, 157, '2022-01-10', '10000000', 4, 1, 'Screenshot_2022-06-27_1211561.png', 'Kuningan Kota.Kuningan Provinsi.Jawa Barat Expedisi.jne Paket.CTC', '7000'),
(50, 10, '2022-01-10', '8125000', 4, 1, 'Screenshot_2022-06-27_1211561.png', 'Kuningan Kota.Kuningan Provinsi.Jawa Barat Expedisi.jne Paket.CTC', '7000'),
(51, 128, '2022-01-10', '7410000', 4, 1, 'Screenshot_2022-06-27_1211561.png', 'Kuningan Kota.Kuningan Provinsi.Jawa Barat Expedisi.jne Paket.CTC', '7000'),
(52, 128, '2022-01-10', '7410000', 4, 1, 'Screenshot_2022-06-27_1211561.png', 'Kuningan Kota.Kuningan Provinsi.Jawa Barat Expedisi.jne Paket.CTC', '7000'),
(53, 246, '2022-01-10', '7540000', 4, 1, 'Screenshot_2022-06-27_1211561.png', 'Kuningan Kota.Kuningan Provinsi.Jawa Barat Expedisi.jne Paket.CTC', '7000'),
(54, 128, '2022-01-10', '6498000', 4, 1, 'Screenshot_2022-06-27_1211561.png', 'Kuningan Kota.Kuningan Provinsi.Jawa Barat Expedisi.jne Paket.CTC', '7000'),
(55, 117, '2022-01-10', '8255000', 4, 1, 'Screenshot_2022-06-27_1211561.png', 'Kuningan Kota.Kuningan Provinsi.Jawa Barat Expedisi.jne Paket.CTC', '7000'),
(56, 382, '2022-01-10', '8450000', 4, 1, 'Screenshot_2022-06-27_1211561.png', 'Kuningan Kota.Kuningan Provinsi.Jawa Barat Expedisi.jne Paket.CTC', '7000'),
(57, 128, '2022-01-10', '7410000', 4, 1, 'Screenshot_2022-06-27_1211561.png', 'Kuningan Kota.Kuningan Provinsi.Jawa Barat Expedisi.jne Paket.CTC', '7000'),
(58, 197, '2022-01-10', '4130000', 4, 1, 'Screenshot_2022-06-27_1211561.png', 'Kuningan Kota.Kuningan Provinsi.Jawa Barat Expedisi.jne Paket.CTC', '7000'),
(59, 128, '2022-01-10', '7410000', 4, 1, 'Screenshot_2022-06-27_1211561.png', 'Kuningan Kota.Kuningan Provinsi.Jawa Barat Expedisi.jne Paket.CTC', '7000'),
(60, 229, '2022-01-12', '8255000', 4, 1, 'Screenshot_2022-06-27_1211561.png', 'Kuningan Kota.Kuningan Provinsi.Jawa Barat Expedisi.jne Paket.CTC', '7000'),
(61, 115, '2022-01-12', '8255000', 4, 1, 'Screenshot_2022-06-27_1211561.png', 'Kuningan Kota.Kuningan Provinsi.Jawa Barat Expedisi.jne Paket.CTC', '7000'),
(62, 116, '2022-01-12', '8320000', 4, 1, 'Screenshot_2022-06-27_1211561.png', 'Kuningan Kota.Kuningan Provinsi.Jawa Barat Expedisi.jne Paket.CTC', '7000'),
(63, 101, '2022-01-12', '3540000', 4, 1, 'Screenshot_2022-06-27_1211561.png', 'Kuningan Kota.Kuningan Provinsi.Jawa Barat Expedisi.jne Paket.CTC', '7000'),
(64, 100, '2022-01-12', '675000', 4, 1, 'Screenshot_2022-06-27_1211561.png', 'Kuningan Kota.Kuningan Provinsi.Jawa Barat Expedisi.jne Paket.CTC', '7000'),
(65, 128, '2022-01-12', '6270000', 4, 1, 'Screenshot_2022-06-27_1211561.png', 'Kuningan Kota.Kuningan Provinsi.Jawa Barat Expedisi.jne Paket.CTC', '7000'),
(66, 79, '2022-01-13', '5220000', 4, 1, 'Screenshot_2022-06-27_1211561.png', 'Kuningan Kota.Kuningan Provinsi.Jawa Barat Expedisi.jne Paket.CTC', '7000'),
(67, 313, '2022-01-13', '8255000', 4, 1, 'Screenshot_2022-06-27_1211561.png', 'Kuningan Kota.Kuningan Provinsi.Jawa Barat Expedisi.jne Paket.CTC', '7000'),
(68, 215, '2022-01-13', '8320000', 4, 1, 'Screenshot_2022-06-27_1211561.png', 'Kuningan Kota.Kuningan Provinsi.Jawa Barat Expedisi.jne Paket.CTC', '7000'),
(69, 111, '2022-01-13', '8255000', 4, 1, 'Screenshot_2022-06-27_1211561.png', 'Kuningan Kota.Kuningan Provinsi.Jawa Barat Expedisi.jne Paket.CTC', '7000'),
(70, 128, '2022-01-13', '7410000', 4, 1, 'Screenshot_2022-06-27_1211561.png', 'Kuningan Kota.Kuningan Provinsi.Jawa Barat Expedisi.jne Paket.CTC', '7000'),
(71, 31, '2022-01-13', '16250000', 4, 1, 'Screenshot_2022-06-27_1211561.png', 'Kuningan Kota.Kuningan Provinsi.Jawa Barat Expedisi.jne Paket.CTC', '7000'),
(72, 246, '2022-01-13', '7540000', 4, 1, 'Screenshot_2022-06-27_1211561.png', 'Kuningan Kota.Kuningan Provinsi.Jawa Barat Expedisi.jne Paket.CTC', '7000'),
(73, 90, '2022-01-13', '6200000', 4, 1, 'Screenshot_2022-06-27_1211561.png', 'Kuningan Kota.Kuningan Provinsi.Jawa Barat Expedisi.jne Paket.CTC', '7000'),
(74, 169, '2022-01-14', '8255000', 4, 1, 'Screenshot_2022-06-27_1211561.png', 'Kuningan Kota.Kuningan Provinsi.Jawa Barat Expedisi.jne Paket.CTC', '7000'),
(75, 108, '2022-01-14', '8255000', 4, 1, 'Screenshot_2022-06-27_1211561.png', 'Kuningan Kota.Kuningan Provinsi.Jawa Barat Expedisi.jne Paket.CTC', '7000'),
(76, 101, '2022-01-14', '8255000', 4, 1, 'Screenshot_2022-06-27_1211561.png', 'Kuningan Kota.Kuningan Provinsi.Jawa Barat Expedisi.jne Paket.CTC', '7000'),
(77, 79, '2022-01-14', '5220000', 4, 1, 'Screenshot_2022-06-27_1211561.png', 'Kuningan Kota.Kuningan Provinsi.Jawa Barat Expedisi.jne Paket.CTC', '7000'),
(78, 128, '2022-01-14', '7410000', 4, 1, 'Screenshot_2022-06-27_1211561.png', 'Kuningan Kota.Kuningan Provinsi.Jawa Barat Expedisi.jne Paket.CTC', '7000'),
(79, 139, '2022-01-14', '8255000', 4, 1, 'Screenshot_2022-06-27_1211561.png', 'Kuningan Kota.Kuningan Provinsi.Jawa Barat Expedisi.jne Paket.CTC', '7000'),
(80, 304, '2022-01-14', '8125000', 4, 1, 'Screenshot_2022-06-27_1211561.png', 'Kuningan Kota.Kuningan Provinsi.Jawa Barat Expedisi.jne Paket.CTC', '7000'),
(81, 79, '2022-01-14', '8120000', 4, 1, 'Screenshot_2022-06-27_1211561.png', 'Kuningan Kota.Kuningan Provinsi.Jawa Barat Expedisi.jne Paket.CTC', '7000'),
(82, 128, '2022-01-15', '6498000', 4, 1, 'Screenshot_2022-06-27_1211561.png', 'Kuningan Kota.Kuningan Provinsi.Jawa Barat Expedisi.jne Paket.CTC', '7000'),
(83, 191, '2022-01-15', '8125000', 4, 1, 'Screenshot_2022-06-27_1211561.png', 'Kuningan Kota.Kuningan Provinsi.Jawa Barat Expedisi.jne Paket.CTC', '7000'),
(84, 157, '2022-01-15', '8125000', 4, 1, 'Screenshot_2022-06-27_1211561.png', 'Kuningan Kota.Kuningan Provinsi.Jawa Barat Expedisi.jne Paket.CTC', '7000'),
(85, 128, '2022-01-15', '7182000', 4, 1, 'Screenshot_2022-06-27_1211561.png', 'Kuningan Kota.Kuningan Provinsi.Jawa Barat Expedisi.jne Paket.CTC', '7000'),
(86, 176, '2022-01-15', '8255000', 4, 1, 'Screenshot_2022-06-27_1211561.png', 'Kuningan Kota.Kuningan Provinsi.Jawa Barat Expedisi.jne Paket.CTC', '7000'),
(87, 79, '2022-01-15', '8120000', 4, 1, 'Screenshot_2022-06-27_1211561.png', 'Kuningan Kota.Kuningan Provinsi.Jawa Barat Expedisi.jne Paket.CTC', '7000'),
(88, 128, '2022-01-17', '6270000', 4, 1, 'Screenshot_2022-06-27_1211561.png', 'Kuningan Kota.Kuningan Provinsi.Jawa Barat Expedisi.jne Paket.CTC', '7000'),
(89, 108, '2022-01-17', '8255000', 4, 1, 'Screenshot_2022-06-27_1211561.png', 'Kuningan Kota.Kuningan Provinsi.Jawa Barat Expedisi.jne Paket.CTC', '7000'),
(90, 164, '2022-01-17', '8190000', 4, 1, 'Screenshot_2022-06-27_1211561.png', 'Kuningan Kota.Kuningan Provinsi.Jawa Barat Expedisi.jne Paket.CTC', '7000'),
(91, 157, '2022-01-17', '10000000', 4, 1, 'Screenshot_2022-06-27_1211561.png', 'Kuningan Kota.Kuningan Provinsi.Jawa Barat Expedisi.jne Paket.CTC', '7000'),
(92, 128, '2022-01-17', '6840000', 4, 1, 'Screenshot_2022-06-27_1211561.png', 'Kuningan Kota.Kuningan Provinsi.Jawa Barat Expedisi.jne Paket.CTC', '7000'),
(93, 10, '2022-01-17', '8255000', 4, 1, 'Screenshot_2022-06-27_1211561.png', 'Kuningan Kota.Kuningan Provinsi.Jawa Barat Expedisi.jne Paket.CTC', '7000'),
(94, 225, '2022-01-17', '8255000', 4, 1, 'Screenshot_2022-06-27_1211561.png', 'Kuningan Kota.Kuningan Provinsi.Jawa Barat Expedisi.jne Paket.CTC', '7000'),
(95, 128, '2022-01-18', '6270000', 4, 1, 'Screenshot_2022-06-27_1211561.png', 'Kuningan Kota.Kuningan Provinsi.Jawa Barat Expedisi.jne Paket.CTC', '7000'),
(96, 135, '2022-01-18', '8255000', 4, 1, 'Screenshot_2022-06-27_1211561.png', 'Kuningan Kota.Kuningan Provinsi.Jawa Barat Expedisi.jne Paket.CTC', '7000'),
(97, 232, '2022-01-18', '8255000', 4, 1, 'Screenshot_2022-06-27_1211561.png', 'Kuningan Kota.Kuningan Provinsi.Jawa Barat Expedisi.jne Paket.CTC', '7000'),
(98, 319, '2022-01-18', '8190000', 4, 1, 'Screenshot_2022-06-27_1211561.png', 'Kuningan Kota.Kuningan Provinsi.Jawa Barat Expedisi.jne Paket.CTC', '7000'),
(99, 132, '2022-01-18', '8125000', 4, 1, 'Screenshot_2022-06-27_1211561.png', 'Kuningan Kota.Kuningan Provinsi.Jawa Barat Expedisi.jne Paket.CTC', '7000'),
(100, 34, '2022-01-18', '8125000', 4, 1, 'Screenshot_2022-06-27_1211561.png', 'Kuningan Kota.Kuningan Provinsi.Jawa Barat Expedisi.jne Paket.CTC', '7000'),
(101, 10, '2022-01-18', '8255000', 4, 1, 'Screenshot_2022-06-27_1211561.png', 'Kuningan Kota.Kuningan Provinsi.Jawa Barat Expedisi.jne Paket.CTC', '7000'),
(102, 101, '2022-01-18', '3540000', 4, 1, 'Screenshot_2022-06-27_1211561.png', 'Kuningan Kota.Kuningan Provinsi.Jawa Barat Expedisi.jne Paket.CTC', '7000'),
(103, 331, '2022-01-19', '8255000', 4, 1, 'Screenshot_2022-06-27_1211561.png', 'Kuningan Kota.Kuningan Provinsi.Jawa Barat Expedisi.jne Paket.CTC', '7000'),
(104, 67, '2022-01-19', '8125000', 4, 1, 'Screenshot_2022-06-27_1211561.png', 'Kuningan Kota.Kuningan Provinsi.Jawa Barat Expedisi.jne Paket.CTC', '7000'),
(105, 177, '2022-01-19', '1440000', 4, 1, 'Screenshot_2022-06-27_1211561.png', 'Kuningan Kota.Kuningan Provinsi.Jawa Barat Expedisi.jne Paket.CTC', '7000'),
(106, 128, '2022-01-19', '7410000', 4, 1, 'Screenshot_2022-06-27_1211561.png', 'Kuningan Kota.Kuningan Provinsi.Jawa Barat Expedisi.jne Paket.CTC', '7000'),
(107, 132, '2022-01-19', '8125000', 4, 1, 'Screenshot_2022-06-27_1211561.png', 'Kuningan Kota.Kuningan Provinsi.Jawa Barat Expedisi.jne Paket.CTC', '7000'),
(108, 322, '2022-01-19', '8260000', 4, 1, 'Screenshot_2022-06-27_1211561.png', 'Kuningan Kota.Kuningan Provinsi.Jawa Barat Expedisi.jne Paket.CTC', '7000'),
(109, 246, '2022-01-19', '7540000', 4, 1, 'Screenshot_2022-06-27_1211561.png', 'Kuningan Kota.Kuningan Provinsi.Jawa Barat Expedisi.jne Paket.CTC', '7000'),
(110, 144, '2022-01-20', '1250000', 4, 1, 'Screenshot_2022-06-27_1211561.png', 'Kuningan Kota.Kuningan Provinsi.Jawa Barat Expedisi.jne Paket.CTC', '7000'),
(111, 128, '2022-01-20', '6270000', 4, 1, 'Screenshot_2022-06-27_1211561.png', 'Kuningan Kota.Kuningan Provinsi.Jawa Barat Expedisi.jne Paket.CTC', '7000'),
(112, 157, '2022-01-20', '10000000', 4, 1, 'Screenshot_2022-06-27_1211561.png', 'Kuningan Kota.Kuningan Provinsi.Jawa Barat Expedisi.jne Paket.CTC', '7000'),
(113, 254, '2022-01-20', '8255000', 4, 1, 'Screenshot_2022-06-27_1211561.png', 'Kuningan Kota.Kuningan Provinsi.Jawa Barat Expedisi.jne Paket.CTC', '7000'),
(114, 31, '2022-01-20', '16250000', 4, 1, 'Screenshot_2022-06-27_1211561.png', 'Kuningan Kota.Kuningan Provinsi.Jawa Barat Expedisi.jne Paket.CTC', '7000'),
(115, 90, '2022-01-20', '6200000', 4, 1, 'Screenshot_2022-06-27_1211561.png', 'Kuningan Kota.Kuningan Provinsi.Jawa Barat Expedisi.jne Paket.CTC', '7000'),
(116, 79, '2022-01-20', '8120000', 4, 1, 'Screenshot_2022-06-27_1211561.png', 'Kuningan Kota.Kuningan Provinsi.Jawa Barat Expedisi.jne Paket.CTC', '7000'),
(117, 128, '2022-01-21', '6270000', 4, 1, 'Screenshot_2022-06-27_1211561.png', 'Kuningan Kota.Kuningan Provinsi.Jawa Barat Expedisi.jne Paket.CTC', '7000'),
(118, 305, '2022-01-21', '8255000', 4, 1, 'Screenshot_2022-06-27_1211561.png', 'Kuningan Kota.Kuningan Provinsi.Jawa Barat Expedisi.jne Paket.CTC', '7000'),
(119, 59, '2022-01-21', '4375000', 4, 1, 'Screenshot_2022-06-27_1211561.png', 'Kuningan Kota.Kuningan Provinsi.Jawa Barat Expedisi.jne Paket.CTC', '7000'),
(120, 128, '2022-01-21', '7182000', 4, 1, 'Screenshot_2022-06-27_1211561.png', 'Kuningan Kota.Kuningan Provinsi.Jawa Barat Expedisi.jne Paket.CTC', '7000'),
(121, 128, '2022-01-21', '4218000', 4, 1, 'Screenshot_2022-06-27_1211561.png', 'Kuningan Kota.Kuningan Provinsi.Jawa Barat Expedisi.jne Paket.CTC', '7000'),
(122, 79, '2022-01-21', '5220000', 4, 1, 'Screenshot_2022-06-27_1211561.png', 'Kuningan Kota.Kuningan Provinsi.Jawa Barat Expedisi.jne Paket.CTC', '7000'),
(123, 39, '2022-01-22', '8255000', 4, 1, 'Screenshot_2022-06-27_1211561.png', 'Kuningan Kota.Kuningan Provinsi.Jawa Barat Expedisi.jne Paket.CTC', '7000'),
(124, 204, '2022-01-22', '8255000', 4, 1, 'Screenshot_2022-06-27_1211561.png', 'Kuningan Kota.Kuningan Provinsi.Jawa Barat Expedisi.jne Paket.CTC', '7000'),
(125, 305, '2022-01-22', '8255000', 4, 1, 'Screenshot_2022-06-27_1211561.png', 'Kuningan Kota.Kuningan Provinsi.Jawa Barat Expedisi.jne Paket.CTC', '7000'),
(126, 157, '2022-01-22', '8125000', 4, 1, 'Screenshot_2022-06-27_1211561.png', 'Kuningan Kota.Kuningan Provinsi.Jawa Barat Expedisi.jne Paket.CTC', '7000'),
(127, 128, '2022-01-22', '7011000', 4, 1, 'Screenshot_2022-06-27_1211561.png', 'Kuningan Kota.Kuningan Provinsi.Jawa Barat Expedisi.jne Paket.CTC', '7000'),
(128, 128, '2022-01-22', '4674000', 4, 1, 'Screenshot_2022-06-27_1211561.png', 'Kuningan Kota.Kuningan Provinsi.Jawa Barat Expedisi.jne Paket.CTC', '7000'),
(129, 246, '2022-01-22', '7540000', 4, 1, 'Screenshot_2022-06-27_1211561.png', 'Kuningan Kota.Kuningan Provinsi.Jawa Barat Expedisi.jne Paket.CTC', '7000'),
(130, 306, '2022-01-22', '8255000', 4, 1, 'Screenshot_2022-06-27_1211561.png', 'Kuningan Kota.Kuningan Provinsi.Jawa Barat Expedisi.jne Paket.CTC', '7000'),
(131, 377, '2022-01-24', '8255000', 4, 1, 'Screenshot_2022-06-27_1211561.png', 'Kuningan Kota.Kuningan Provinsi.Jawa Barat Expedisi.jne Paket.CTC', '7000'),
(132, 319, '2022-01-24', '8190000', 4, 1, 'Screenshot_2022-06-27_1211561.png', 'Kuningan Kota.Kuningan Provinsi.Jawa Barat Expedisi.jne Paket.CTC', '7000'),
(133, 194, '2022-01-24', '8310000', 4, 1, 'Screenshot_2022-06-27_1211561.png', 'Kuningan Kota.Kuningan Provinsi.Jawa Barat Expedisi.jne Paket.CTC', '7000'),
(134, 189, '2022-01-24', '8511000', 4, 1, 'Screenshot_2022-06-27_1211561.png', 'Kuningan Kota.Kuningan Provinsi.Jawa Barat Expedisi.jne Paket.CTC', '7000'),
(135, 79, '2022-01-24', '8120000', 4, 1, 'Screenshot_2022-06-27_1211561.png', 'Kuningan Kota.Kuningan Provinsi.Jawa Barat Expedisi.jne Paket.CTC', '7000'),
(136, 197, '2022-01-24', '2950000', 4, 1, 'Screenshot_2022-06-27_1211561.png', 'Kuningan Kota.Kuningan Provinsi.Jawa Barat Expedisi.jne Paket.CTC', '7000'),
(137, 248, '2022-01-24', '135000', 4, 1, 'Screenshot_2022-06-27_1211561.png', 'Kuningan Kota.Kuningan Provinsi.Jawa Barat Expedisi.jne Paket.CTC', '7000'),
(138, 117, '2022-01-25', '8255000', 4, 1, 'Screenshot_2022-06-27_1211561.png', 'Kuningan Kota.Kuningan Provinsi.Jawa Barat Expedisi.jne Paket.CTC', '7000'),
(139, 117, '2022-01-25', '8255000', 4, 1, 'Screenshot_2022-06-27_1211561.png', 'Kuningan Kota.Kuningan Provinsi.Jawa Barat Expedisi.jne Paket.CTC', '7000'),
(140, 323, '2022-01-25', '8255000', 4, 1, 'Screenshot_2022-06-27_1211561.png', 'Kuningan Kota.Kuningan Provinsi.Jawa Barat Expedisi.jne Paket.CTC', '7000'),
(141, 132, '2022-01-25', '8125000', 4, 1, 'Screenshot_2022-06-27_1211561.png', 'Kuningan Kota.Kuningan Provinsi.Jawa Barat Expedisi.jne Paket.CTC', '7000'),
(142, 128, '2022-01-25', '5301000', 4, 1, 'Screenshot_2022-06-27_1211561.png', 'Kuningan Kota.Kuningan Provinsi.Jawa Barat Expedisi.jne Paket.CTC', '7000'),
(143, 34, '2022-01-25', '8255000', 4, 1, 'Screenshot_2022-06-27_1211561.png', 'Kuningan Kota.Kuningan Provinsi.Jawa Barat Expedisi.jne Paket.CTC', '7000'),
(144, 157, '2022-01-25', '8125000', 4, 1, 'Screenshot_2022-06-27_1211561.png', 'Kuningan Kota.Kuningan Provinsi.Jawa Barat Expedisi.jne Paket.CTC', '7000'),
(145, 153, '2022-01-26', '67500', 4, 1, 'Screenshot_2022-06-27_1211561.png', 'Kuningan Kota.Kuningan Provinsi.Jawa Barat Expedisi.jne Paket.CTC', '7000'),
(146, 246, '2022-01-26', '7540000', 4, 1, 'Screenshot_2022-06-27_1211561.png', 'Kuningan Kota.Kuningan Provinsi.Jawa Barat Expedisi.jne Paket.CTC', '7000'),
(147, 237, '2022-01-26', '8255000', 4, 1, 'Screenshot_2022-06-27_1211561.png', 'Kuningan Kota.Kuningan Provinsi.Jawa Barat Expedisi.jne Paket.CTC', '7000'),
(148, 94, '2022-01-26', '8255000', 4, 1, 'Screenshot_2022-06-27_1211561.png', 'Kuningan Kota.Kuningan Provinsi.Jawa Barat Expedisi.jne Paket.CTC', '7000'),
(149, 132, '2022-01-26', '8125000', 4, 1, 'Screenshot_2022-06-27_1211561.png', 'Kuningan Kota.Kuningan Provinsi.Jawa Barat Expedisi.jne Paket.CTC', '7000'),
(150, 335, '2022-01-26', '8515000', 4, 1, 'Screenshot_2022-06-27_1211561.png', 'Kuningan Kota.Kuningan Provinsi.Jawa Barat Expedisi.jne Paket.CTC', '7000'),
(151, 128, '2022-01-26', '5130000', 4, 1, 'Screenshot_2022-06-27_1211561.png', 'Kuningan Kota.Kuningan Provinsi.Jawa Barat Expedisi.jne Paket.CTC', '7000'),
(152, 10, '2022-01-26', '8255000', 4, 1, 'Screenshot_2022-06-27_1211561.png', 'Kuningan Kota.Kuningan Provinsi.Jawa Barat Expedisi.jne Paket.CTC', '7000'),
(153, 79, '2022-01-26', '8120000', 4, 1, 'Screenshot_2022-06-27_1211561.png', 'Kuningan Kota.Kuningan Provinsi.Jawa Barat Expedisi.jne Paket.CTC', '7000'),
(154, 101, '2022-01-26', '2360000', 4, 1, 'Screenshot_2022-06-27_1211561.png', 'Kuningan Kota.Kuningan Provinsi.Jawa Barat Expedisi.jne Paket.CTC', '7000'),
(155, 128, '2022-01-27', '4560000', 4, 1, 'Screenshot_2022-06-27_1211561.png', 'Kuningan Kota.Kuningan Provinsi.Jawa Barat Expedisi.jne Paket.CTC', '7000'),
(156, 143, '2022-01-27', '8255000', 4, 1, 'Screenshot_2022-06-27_1211561.png', 'Kuningan Kota.Kuningan Provinsi.Jawa Barat Expedisi.jne Paket.CTC', '7000'),
(157, 232, '2022-01-27', '8255000', 4, 1, 'Screenshot_2022-06-27_1211561.png', 'Kuningan Kota.Kuningan Provinsi.Jawa Barat Expedisi.jne Paket.CTC', '7000'),
(158, 311, '2022-01-27', '8255000', 4, 1, 'Screenshot_2022-06-27_1211561.png', 'Kuningan Kota.Kuningan Provinsi.Jawa Barat Expedisi.jne Paket.CTC', '7000'),
(159, 34, '2022-01-27', '8125000', 4, 1, 'Screenshot_2022-06-27_1211561.png', 'Kuningan Kota.Kuningan Provinsi.Jawa Barat Expedisi.jne Paket.CTC', '7000'),
(160, 246, '2022-01-27', '7540000', 4, 1, 'Screenshot_2022-06-27_1211561.png', 'Kuningan Kota.Kuningan Provinsi.Jawa Barat Expedisi.jne Paket.CTC', '7000'),
(161, 90, '2022-01-27', '6200000', 4, 1, 'Screenshot_2022-06-27_1211561.png', 'Kuningan Kota.Kuningan Provinsi.Jawa Barat Expedisi.jne Paket.CTC', '7000'),
(162, 379, '2022-01-27', '8255000', 4, 1, 'Screenshot_2022-06-27_1211561.png', 'Kuningan Kota.Kuningan Provinsi.Jawa Barat Expedisi.jne Paket.CTC', '7000'),
(163, 128, '2022-01-28', '5700000', 4, 1, 'Screenshot_2022-06-27_1211561.png', 'Kuningan Kota.Kuningan Provinsi.Jawa Barat Expedisi.jne Paket.CTC', '7000'),
(164, 352, '2022-01-28', '2600000', 4, 1, 'Screenshot_2022-06-27_1211561.png', 'Kuningan Kota.Kuningan Provinsi.Jawa Barat Expedisi.jne Paket.CTC', '7000'),
(165, 13, '2022-01-28', '2600000', 4, 1, 'Screenshot_2022-06-27_1211561.png', 'Kuningan Kota.Kuningan Provinsi.Jawa Barat Expedisi.jne Paket.CTC', '7000'),
(166, 123, '2022-01-28', '3250000', 4, 1, 'Screenshot_2022-06-27_1211561.png', 'Kuningan Kota.Kuningan Provinsi.Jawa Barat Expedisi.jne Paket.CTC', '7000'),
(167, 128, '2022-01-28', '6042000', 4, 1, 'Screenshot_2022-06-27_1211561.png', 'Kuningan Kota.Kuningan Provinsi.Jawa Barat Expedisi.jne Paket.CTC', '7000'),
(168, 157, '2022-01-28', '8125000', 4, 1, 'Screenshot_2022-06-27_1211561.png', 'Kuningan Kota.Kuningan Provinsi.Jawa Barat Expedisi.jne Paket.CTC', '7000'),
(169, 301, '2022-01-28', '8960000', 4, 1, 'Screenshot_2022-06-27_1211561.png', 'Kuningan Kota.Kuningan Provinsi.Jawa Barat Expedisi.jne Paket.CTC', '7000'),
(170, 128, '2022-01-28', '5403600', 4, 1, 'Screenshot_2022-06-27_1211561.png', 'Kuningan Kota.Kuningan Provinsi.Jawa Barat Expedisi.jne Paket.CTC', '7000'),
(171, 79, '2022-01-28', '8345000', 4, 1, 'Screenshot_2022-06-27_1211561.png', 'Kuningan Kota.Kuningan Provinsi.Jawa Barat Expedisi.jne Paket.CTC', '7000'),
(172, 297, '2022-01-29', '8255000', 4, 1, 'Screenshot_2022-06-27_1211561.png', 'Kuningan Kota.Kuningan Provinsi.Jawa Barat Expedisi.jne Paket.CTC', '7000'),
(173, 231, '2022-01-29', '8255000', 4, 1, 'Screenshot_2022-06-27_1211561.png', 'Kuningan Kota.Kuningan Provinsi.Jawa Barat Expedisi.jne Paket.CTC', '7000'),
(174, 173, '2022-01-29', '8125000', 4, 1, 'Screenshot_2022-06-27_1211561.png', 'Kuningan Kota.Kuningan Provinsi.Jawa Barat Expedisi.jne Paket.CTC', '7000'),
(175, 92, '2022-01-29', '8255000', 4, 1, 'Screenshot_2022-06-27_1211561.png', 'Kuningan Kota.Kuningan Provinsi.Jawa Barat Expedisi.jne Paket.CTC', '7000'),
(176, 128, '2022-01-29', '6555000', 4, 1, 'Screenshot_2022-06-27_1211561.png', 'Kuningan Kota.Kuningan Provinsi.Jawa Barat Expedisi.jne Paket.CTC', '7000'),
(177, 221, '2022-01-29', '8255000', 4, 1, 'Screenshot_2022-06-27_1211561.png', 'Kuningan Kota.Kuningan Provinsi.Jawa Barat Expedisi.jne Paket.CTC', '7000'),
(178, 101, '2022-01-29', '3540000', 4, 1, 'Screenshot_2022-06-27_1211561.png', 'Kuningan Kota.Kuningan Provinsi.Jawa Barat Expedisi.jne Paket.CTC', '7000'),
(179, 128, '2022-01-29', '4104000', 4, 1, 'Screenshot_2022-06-27_1211561.png', 'Kuningan Kota.Kuningan Provinsi.Jawa Barat Expedisi.jne Paket.CTC', '7000'),
(180, 128, '2022-01-31', '5529000', 4, 1, 'Screenshot_2022-06-27_1211561.png', 'Kuningan Kota.Kuningan Provinsi.Jawa Barat Expedisi.jne Paket.CTC', '7000'),
(181, 237, '2022-01-31', '8255000', 4, 1, 'Screenshot_2022-06-27_1211561.png', 'Kuningan Kota.Kuningan Provinsi.Jawa Barat Expedisi.jne Paket.CTC', '7000'),
(182, 128, '2022-01-31', '7410000', 4, 1, 'Screenshot_2022-06-27_1211561.png', 'Kuningan Kota.Kuningan Provinsi.Jawa Barat Expedisi.jne Paket.CTC', '7000'),
(183, 297, '2022-01-31', '8255000', 4, 1, 'Screenshot_2022-06-27_1211561.png', 'Kuningan Kota.Kuningan Provinsi.Jawa Barat Expedisi.jne Paket.CTC', '7000'),
(184, 132, '2022-01-31', '8125000', 4, 1, 'Screenshot_2022-06-27_1211561.png', 'Kuningan Kota.Kuningan Provinsi.Jawa Barat Expedisi.jne Paket.CTC', '7000'),
(185, 79, '2022-01-31', '8120000', 4, 1, 'Screenshot_2022-06-27_1211561.png', 'Kuningan Kota.Kuningan Provinsi.Jawa Barat Expedisi.jne Paket.CTC', '7000'),
(186, 304, '2022-01-31', '8125000', 4, 1, 'Screenshot_2022-06-27_1211561.png', 'Kuningan Kota.Kuningan Provinsi.Jawa Barat Expedisi.jne Paket.CTC', '7000'),
(187, 232, '2022-02-02', '8255000', 4, 1, 'Screenshot_2022-06-27_1211561.png', 'Kuningan Kota.Kuningan Provinsi.Jawa Barat Expedisi.jne Paket.CTC', '7000'),
(188, 146, '2022-02-02', '8255000', 4, 1, 'Screenshot_2022-06-27_1211561.png', 'Kuningan Kota.Kuningan Provinsi.Jawa Barat Expedisi.jne Paket.CTC', '7000'),
(189, 111, '2022-02-02', '8255000', 4, 1, 'Screenshot_2022-06-27_1211561.png', 'Kuningan Kota.Kuningan Provinsi.Jawa Barat Expedisi.jne Paket.CTC', '7000'),
(190, 136, '2022-02-02', '8320000', 4, 1, 'Screenshot_2022-06-27_1211561.png', 'Kuningan Kota.Kuningan Provinsi.Jawa Barat Expedisi.jne Paket.CTC', '7000'),
(191, 334, '2022-02-02', '2600000', 4, 1, 'Screenshot_2022-06-27_1211561.png', 'Kuningan Kota.Kuningan Provinsi.Jawa Barat Expedisi.jne Paket.CTC', '7000'),
(192, 34, '2022-02-02', '8125000', 4, 1, 'Screenshot_2022-06-27_1211561.png', 'Kuningan Kota.Kuningan Provinsi.Jawa Barat Expedisi.jne Paket.CTC', '7000'),
(193, 277, '2022-02-02', '3540000', 4, 1, 'Screenshot_2022-06-27_1211561.png', 'Kuningan Kota.Kuningan Provinsi.Jawa Barat Expedisi.jne Paket.CTC', '7000'),
(194, 79, '2022-02-02', '8120000', 4, 1, 'Screenshot_2022-06-27_1211561.png', 'Kuningan Kota.Kuningan Provinsi.Jawa Barat Expedisi.jne Paket.CTC', '7000'),
(195, 144, '2022-02-03', '2500000', 4, 1, 'Screenshot_2022-06-27_1211561.png', 'Kuningan Kota.Kuningan Provinsi.Jawa Barat Expedisi.jne Paket.CTC', '7000'),
(196, 128, '2022-02-03', '7410000', 4, 1, 'Screenshot_2022-06-27_1211561.png', 'Kuningan Kota.Kuningan Provinsi.Jawa Barat Expedisi.jne Paket.CTC', '7000'),
(197, 237, '2022-02-03', '8255000', 4, 1, 'Screenshot_2022-06-27_1211561.png', 'Kuningan Kota.Kuningan Provinsi.Jawa Barat Expedisi.jne Paket.CTC', '7000'),
(198, 329, '2022-02-03', '1250000', 4, 1, 'Screenshot_2022-06-27_1211561.png', 'Kuningan Kota.Kuningan Provinsi.Jawa Barat Expedisi.jne Paket.CTC', '7000'),
(199, 246, '2022-02-03', '7788000', 4, 1, 'Screenshot_2022-06-27_1211561.png', 'Kuningan Kota.Kuningan Provinsi.Jawa Barat Expedisi.jne Paket.CTC', '7000'),
(200, 378, '2022-02-03', '8255000', 4, 1, 'Screenshot_2022-06-27_1211561.png', 'Kuningan Kota.Kuningan Provinsi.Jawa Barat Expedisi.jne Paket.CTC', '7000'),
(201, 13, '2022-02-03', '8125000', 4, 1, 'Screenshot_2022-06-27_1211561.png', 'Kuningan Kota.Kuningan Provinsi.Jawa Barat Expedisi.jne Paket.CTC', '7000'),
(202, 34, '2022-02-03', '8125000', 4, 1, 'Screenshot_2022-06-27_1211561.png', 'Kuningan Kota.Kuningan Provinsi.Jawa Barat Expedisi.jne Paket.CTC', '7000'),
(203, 128, '2022-02-03', '5928000', 4, 1, 'Screenshot_2022-06-27_1211561.png', 'Kuningan Kota.Kuningan Provinsi.Jawa Barat Expedisi.jne Paket.CTC', '7000'),
(204, 35, '2022-02-04', '8190000', 4, 1, 'Screenshot_2022-06-27_1211561.png', 'Kuningan Kota.Kuningan Provinsi.Jawa Barat Expedisi.jne Paket.CTC', '7000'),
(205, 117, '2022-02-04', '8255000', 4, 1, 'Screenshot_2022-06-27_1211561.png', 'Kuningan Kota.Kuningan Provinsi.Jawa Barat Expedisi.jne Paket.CTC', '7000'),
(206, 253, '2022-02-04', '8255000', 4, 1, 'Screenshot_2022-06-27_1211561.png', 'Kuningan Kota.Kuningan Provinsi.Jawa Barat Expedisi.jne Paket.CTC', '7000'),
(207, 198, '2022-02-04', '8255000', 4, 1, 'Screenshot_2022-06-27_1211561.png', 'Kuningan Kota.Kuningan Provinsi.Jawa Barat Expedisi.jne Paket.CTC', '7000'),
(208, 139, '2022-02-04', '8255000', 4, 1, 'Screenshot_2022-06-27_1211561.png', 'Kuningan Kota.Kuningan Provinsi.Jawa Barat Expedisi.jne Paket.CTC', '7000'),
(209, 101, '2022-02-04', '3540000', 4, 1, 'Screenshot_2022-06-27_1211561.png', 'Kuningan Kota.Kuningan Provinsi.Jawa Barat Expedisi.jne Paket.CTC', '7000'),
(210, 268, '2022-02-04', '118500', 4, 1, 'Screenshot_2022-06-27_1211561.png', 'Kuningan Kota.Kuningan Provinsi.Jawa Barat Expedisi.jne Paket.CTC', '7000'),
(211, 128, '2022-02-05', '6270000', 4, 1, 'Screenshot_2022-06-27_1211561.png', 'Kuningan Kota.Kuningan Provinsi.Jawa Barat Expedisi.jne Paket.CTC', '7000'),
(212, 139, '2022-02-05', '2500000', 4, 1, 'Screenshot_2022-06-27_1211561.png', 'Kuningan Kota.Kuningan Provinsi.Jawa Barat Expedisi.jne Paket.CTC', '7000'),
(213, 60, '2022-02-05', '5000000', 4, 1, 'Screenshot_2022-06-27_1211561.png', 'Kuningan Kota.Kuningan Provinsi.Jawa Barat Expedisi.jne Paket.CTC', '7000'),
(214, 48, '2022-02-05', '625000', 4, 1, 'Screenshot_2022-06-27_1211561.png', 'Kuningan Kota.Kuningan Provinsi.Jawa Barat Expedisi.jne Paket.CTC', '7000'),
(215, 164, '2022-02-05', '8190000', 4, 1, 'Screenshot_2022-06-27_1211561.png', 'Kuningan Kota.Kuningan Provinsi.Jawa Barat Expedisi.jne Paket.CTC', '7000'),
(216, 295, '2022-02-05', '8255000', 4, 1, 'Screenshot_2022-06-27_1211561.png', 'Kuningan Kota.Kuningan Provinsi.Jawa Barat Expedisi.jne Paket.CTC', '7000'),
(217, 100, '2022-02-05', '135000', 4, 1, 'Screenshot_2022-06-27_1211561.png', 'Kuningan Kota.Kuningan Provinsi.Jawa Barat Expedisi.jne Paket.CTC', '7000'),
(218, 79, '2022-02-05', '8120000', 4, 1, 'Screenshot_2022-06-27_1211561.png', 'Kuningan Kota.Kuningan Provinsi.Jawa Barat Expedisi.jne Paket.CTC', '7000'),
(219, 101, '2022-02-05', '3540000', 4, 1, 'Screenshot_2022-06-27_1211561.png', 'Kuningan Kota.Kuningan Provinsi.Jawa Barat Expedisi.jne Paket.CTC', '7000'),
(220, 13, '2022-02-07', '16510000', 4, 1, 'Screenshot_2022-06-27_1211561.png', 'Kuningan Kota.Kuningan Provinsi.Jawa Barat Expedisi.jne Paket.CTC', '7000'),
(221, 194, '2022-02-07', '8320000', 4, 1, 'Screenshot_2022-06-27_1211561.png', 'Kuningan Kota.Kuningan Provinsi.Jawa Barat Expedisi.jne Paket.CTC', '7000'),
(222, 367, '2022-02-07', '2600000', 4, 1, 'Screenshot_2022-06-27_1211561.png', 'Kuningan Kota.Kuningan Provinsi.Jawa Barat Expedisi.jne Paket.CTC', '7000'),
(223, 261, '2022-02-07', '650000', 4, 1, 'Screenshot_2022-06-27_1211561.png', 'Kuningan Kota.Kuningan Provinsi.Jawa Barat Expedisi.jne Paket.CTC', '7000'),
(224, 372, '2022-02-07', '8185000', 4, 1, 'Screenshot_2022-06-27_1211561.png', 'Kuningan Kota.Kuningan Provinsi.Jawa Barat Expedisi.jne Paket.CTC', '7000'),
(225, 309, '2022-02-07', '8255000', 4, 1, 'Screenshot_2022-06-27_1211561.png', 'Kuningan Kota.Kuningan Provinsi.Jawa Barat Expedisi.jne Paket.CTC', '7000'),
(226, 191, '2022-02-07', '8255000', 4, 1, 'Screenshot_2022-06-27_1211561.png', 'Kuningan Kota.Kuningan Provinsi.Jawa Barat Expedisi.jne Paket.CTC', '7000'),
(227, 157, '2022-02-07', '8125000', 4, 1, 'Screenshot_2022-06-27_1211561.png', 'Kuningan Kota.Kuningan Provinsi.Jawa Barat Expedisi.jne Paket.CTC', '7000'),
(228, 246, '2022-02-07', '2320000', 4, 1, 'Screenshot_2022-06-27_1211561.png', 'Kuningan Kota.Kuningan Provinsi.Jawa Barat Expedisi.jne Paket.CTC', '7000'),
(229, 79, '2022-02-07', '8360000', 4, 1, 'Screenshot_2022-06-27_1211561.png', 'Kuningan Kota.Kuningan Provinsi.Jawa Barat Expedisi.jne Paket.CTC', '7000'),
(230, 246, '2022-02-08', '8060000', 4, 1, 'Screenshot_2022-06-27_1211561.png', 'Kuningan Kota.Kuningan Provinsi.Jawa Barat Expedisi.jne Paket.CTC', '7000'),
(231, 101, '2022-02-08', '8255000', 4, 1, 'Screenshot_2022-06-27_1211561.png', 'Kuningan Kota.Kuningan Provinsi.Jawa Barat Expedisi.jne Paket.CTC', '7000'),
(232, 319, '2022-02-08', '8190000', 4, 1, 'Screenshot_2022-06-27_1211561.png', 'Kuningan Kota.Kuningan Provinsi.Jawa Barat Expedisi.jne Paket.CTC', '7000'),
(233, 23, '2022-02-08', '8255000', 4, 1, 'Screenshot_2022-06-27_1211561.png', 'Kuningan Kota.Kuningan Provinsi.Jawa Barat Expedisi.jne Paket.CTC', '7000'),
(234, 79, '2022-02-08', '5220000', 4, 1, 'Screenshot_2022-06-27_1211561.png', 'Kuningan Kota.Kuningan Provinsi.Jawa Barat Expedisi.jne Paket.CTC', '7000'),
(235, 128, '2022-02-08', '5130000', 4, 1, 'Screenshot_2022-06-27_1211561.png', 'Kuningan Kota.Kuningan Provinsi.Jawa Barat Expedisi.jne Paket.CTC', '7000'),
(236, 101, '2022-02-08', '3540000', 4, 1, 'Screenshot_2022-06-27_1211561.png', 'Kuningan Kota.Kuningan Provinsi.Jawa Barat Expedisi.jne Paket.CTC', '7000'),
(237, 128, '2022-02-08', '5700000', 4, 1, 'Screenshot_2022-06-27_1211561.png', 'Kuningan Kota.Kuningan Provinsi.Jawa Barat Expedisi.jne Paket.CTC', '7000'),
(238, 22, '2022-02-09', '8255000', 4, 1, 'Screenshot_2022-06-27_1211561.png', 'Kuningan Kota.Kuningan Provinsi.Jawa Barat Expedisi.jne Paket.CTC', '7000'),
(239, 132, '2022-02-09', '8125000', 4, 1, 'Screenshot_2022-06-27_1211561.png', 'Kuningan Kota.Kuningan Provinsi.Jawa Barat Expedisi.jne Paket.CTC', '7000'),
(240, 379, '2022-02-09', '8265000', 4, 1, 'Screenshot_2022-06-27_1211561.png', 'Kuningan Kota.Kuningan Provinsi.Jawa Barat Expedisi.jne Paket.CTC', '7000'),
(241, 128, '2022-02-09', '5700000', 4, 1, 'Screenshot_2022-06-27_1211561.png', 'Kuningan Kota.Kuningan Provinsi.Jawa Barat Expedisi.jne Paket.CTC', '7000'),
(242, 10, '2022-02-09', '8255000', 4, 1, 'Screenshot_2022-06-27_1211561.png', 'Kuningan Kota.Kuningan Provinsi.Jawa Barat Expedisi.jne Paket.CTC', '7000'),
(243, 101, '2022-02-09', '4484000', 4, 1, 'Screenshot_2022-06-27_1211561.png', 'Kuningan Kota.Kuningan Provinsi.Jawa Barat Expedisi.jne Paket.CTC', '7000'),
(244, 79, '2022-02-09', '5220000', 4, 1, 'Screenshot_2022-06-27_1211561.png', 'Kuningan Kota.Kuningan Provinsi.Jawa Barat Expedisi.jne Paket.CTC', '7000'),
(245, 246, '2022-02-09', '7788000', 4, 1, 'Screenshot_2022-06-27_1211561.png', 'Kuningan Kota.Kuningan Provinsi.Jawa Barat Expedisi.jne Paket.CTC', '7000'),
(246, 100, '2022-02-09', '462500', 4, 1, 'Screenshot_2022-06-27_1211561.png', 'Kuningan Kota.Kuningan Provinsi.Jawa Barat Expedisi.jne Paket.CTC', '7000'),
(247, 79, '2022-02-10', '8120000', 4, 1, 'Screenshot_2022-06-27_1211561.png', 'Kuningan Kota.Kuningan Provinsi.Jawa Barat Expedisi.jne Paket.CTC', '7000'),
(248, 128, '2022-02-10', '5814000', 4, 1, 'Screenshot_2022-06-27_1211561.png', 'Kuningan Kota.Kuningan Provinsi.Jawa Barat Expedisi.jne Paket.CTC', '7000'),
(249, 43, '2022-02-10', '8125000', 4, 1, 'Screenshot_2022-06-27_1211561.png', 'Kuningan Kota.Kuningan Provinsi.Jawa Barat Expedisi.jne Paket.CTC', '7000'),
(250, 211, '2022-02-10', '8255000', 4, 1, 'Screenshot_2022-06-27_1211561.png', 'Kuningan Kota.Kuningan Provinsi.Jawa Barat Expedisi.jne Paket.CTC', '7000'),
(251, 212, '2022-02-10', '8255000', 4, 1, 'Screenshot_2022-06-27_1211561.png', 'Kuningan Kota.Kuningan Provinsi.Jawa Barat Expedisi.jne Paket.CTC', '7000'),
(252, 157, '2022-02-10', '10000000', 4, 1, 'Screenshot_2022-06-27_1211561.png', 'Kuningan Kota.Kuningan Provinsi.Jawa Barat Expedisi.jne Paket.CTC', '7000'),
(253, 32, '2022-02-10', '8125000', 4, 1, 'Screenshot_2022-06-27_1211561.png', 'Kuningan Kota.Kuningan Provinsi.Jawa Barat Expedisi.jne Paket.CTC', '7000'),
(254, 304, '2022-02-10', '8125000', 4, 1, 'Screenshot_2022-06-27_1211561.png', 'Kuningan Kota.Kuningan Provinsi.Jawa Barat Expedisi.jne Paket.CTC', '7000'),
(255, 79, '2022-02-10', '5220000', 4, 1, 'Screenshot_2022-06-27_1211561.png', 'Kuningan Kota.Kuningan Provinsi.Jawa Barat Expedisi.jne Paket.CTC', '7000'),
(256, 128, '2022-02-11', '6042000', 4, 1, 'Screenshot_2022-06-27_1211561.png', 'Kuningan Kota.Kuningan Provinsi.Jawa Barat Expedisi.jne Paket.CTC', '7000'),
(257, 13, '2022-02-11', '16510000', 4, 1, 'Screenshot_2022-06-27_1211561.png', 'Kuningan Kota.Kuningan Provinsi.Jawa Barat Expedisi.jne Paket.CTC', '7000'),
(258, 227, '2022-02-11', '17500000', 4, 1, 'Screenshot_2022-06-27_1211561.png', 'Kuningan Kota.Kuningan Provinsi.Jawa Barat Expedisi.jne Paket.CTC', '7000'),
(259, 305, '2022-02-11', '8255000', 4, 1, 'Screenshot_2022-06-27_1211561.png', 'Kuningan Kota.Kuningan Provinsi.Jawa Barat Expedisi.jne Paket.CTC', '7000'),
(260, 132, '2022-02-11', '8125000', 4, 1, 'Screenshot_2022-06-27_1211561.png', 'Kuningan Kota.Kuningan Provinsi.Jawa Barat Expedisi.jne Paket.CTC', '7000'),
(261, 372, '2022-02-11', '8125000', 4, 1, 'Screenshot_2022-06-27_1211561.png', 'Kuningan Kota.Kuningan Provinsi.Jawa Barat Expedisi.jne Paket.CTC', '7000'),
(262, 157, '2022-02-11', '8230000', 4, 1, 'Screenshot_2022-06-27_1211561.png', 'Kuningan Kota.Kuningan Provinsi.Jawa Barat Expedisi.jne Paket.CTC', '7000'),
(263, 305, '2022-02-11', '8255000', 4, 1, 'Screenshot_2022-06-27_1211561.png', 'Kuningan Kota.Kuningan Provinsi.Jawa Barat Expedisi.jne Paket.CTC', '7000'),
(264, 128, '2022-02-11', '6840000', 4, 1, 'Screenshot_2022-06-27_1211561.png', 'Kuningan Kota.Kuningan Provinsi.Jawa Barat Expedisi.jne Paket.CTC', '7000'),
(265, 128, '2022-02-12', '5757000', 4, 1, 'Screenshot_2022-06-27_1211561.png', 'Kuningan Kota.Kuningan Provinsi.Jawa Barat Expedisi.jne Paket.CTC', '7000'),
(266, 232, '2022-02-12', '8255000', 4, 1, 'Screenshot_2022-06-27_1211561.png', 'Kuningan Kota.Kuningan Provinsi.Jawa Barat Expedisi.jne Paket.CTC', '7000'),
(267, 216, '2022-02-12', '8255000', 4, 1, 'Screenshot_2022-06-27_1211561.png', 'Kuningan Kota.Kuningan Provinsi.Jawa Barat Expedisi.jne Paket.CTC', '7000'),
(268, 35, '2022-02-12', '8190000', 4, 1, 'Screenshot_2022-06-27_1211561.png', 'Kuningan Kota.Kuningan Provinsi.Jawa Barat Expedisi.jne Paket.CTC', '7000'),
(269, 201, '2022-02-12', '8320000', 4, 1, 'Screenshot_2022-06-27_1211561.png', 'Kuningan Kota.Kuningan Provinsi.Jawa Barat Expedisi.jne Paket.CTC', '7000'),
(270, 305, '2022-02-12', '8255000', 4, 1, 'Screenshot_2022-06-27_1211561.png', 'Kuningan Kota.Kuningan Provinsi.Jawa Barat Expedisi.jne Paket.CTC', '7000'),
(271, 79, '2022-02-12', '8060000', 4, 1, 'Screenshot_2022-06-27_1211561.png', 'Kuningan Kota.Kuningan Provinsi.Jawa Barat Expedisi.jne Paket.CTC', '7000'),
(272, 246, '2022-02-12', '2360000', 4, 1, 'Screenshot_2022-06-27_1211561.png', 'Kuningan Kota.Kuningan Provinsi.Jawa Barat Expedisi.jne Paket.CTC', '7000'),
(273, 231, '2022-02-12', '8255000', 4, 1, 'Screenshot_2022-06-27_1211561.png', 'Kuningan Kota.Kuningan Provinsi.Jawa Barat Expedisi.jne Paket.CTC', '7000'),
(274, 127, '2022-02-12', '8255000', 4, 1, 'Screenshot_2022-06-27_1211561.png', 'Kuningan Kota.Kuningan Provinsi.Jawa Barat Expedisi.jne Paket.CTC', '7000'),
(275, 177, '2022-02-14', '1330000', 4, 1, 'Screenshot_2022-06-27_1211561.png', 'Kuningan Kota.Kuningan Provinsi.Jawa Barat Expedisi.jne Paket.CTC', '7000'),
(276, 307, '2022-02-14', '1330000', 4, 1, 'Screenshot_2022-06-27_1211561.png', 'Kuningan Kota.Kuningan Provinsi.Jawa Barat Expedisi.jne Paket.CTC', '7000'),
(277, 342, '2022-02-14', '2640000', 4, 1, 'Screenshot_2022-06-27_1211561.png', 'Kuningan Kota.Kuningan Provinsi.Jawa Barat Expedisi.jne Paket.CTC', '7000'),
(278, 11, '2022-02-14', '3250000', 4, 1, 'Screenshot_2022-06-27_1211561.png', 'Kuningan Kota.Kuningan Provinsi.Jawa Barat Expedisi.jne Paket.CTC', '7000'),
(279, 311, '2022-02-14', '8255000', 4, 1, 'Screenshot_2022-06-27_1211561.png', 'Kuningan Kota.Kuningan Provinsi.Jawa Barat Expedisi.jne Paket.CTC', '7000'),
(280, 117, '2022-02-14', '8255000', 4, 1, 'Screenshot_2022-06-27_1211561.png', 'Kuningan Kota.Kuningan Provinsi.Jawa Barat Expedisi.jne Paket.CTC', '7000'),
(281, 232, '2022-02-14', '8255000', 4, 1, 'Screenshot_2022-06-27_1211561.png', 'Kuningan Kota.Kuningan Provinsi.Jawa Barat Expedisi.jne Paket.CTC', '7000'),
(282, 182, '2022-02-14', '405000', 4, 1, 'Screenshot_2022-06-27_1211561.png', 'Kuningan Kota.Kuningan Provinsi.Jawa Barat Expedisi.jne Paket.CTC', '7000'),
(283, 79, '2022-02-14', '5220000', 4, 1, 'Screenshot_2022-06-27_1211561.png', 'Kuningan Kota.Kuningan Provinsi.Jawa Barat Expedisi.jne Paket.CTC', '7000'),
(284, 79, '2022-02-14', '8120000', 4, 1, 'Screenshot_2022-06-27_1211561.png', 'Kuningan Kota.Kuningan Provinsi.Jawa Barat Expedisi.jne Paket.CTC', '7000'),
(285, 101, '2022-02-14', '2950000', 4, 1, 'Screenshot_2022-06-27_1211561.png', 'Kuningan Kota.Kuningan Provinsi.Jawa Barat Expedisi.jne Paket.CTC', '7000'),
(286, 128, '2022-02-15', '6270000', 4, 1, 'Screenshot_2022-06-27_1211561.png', 'Kuningan Kota.Kuningan Provinsi.Jawa Barat Expedisi.jne Paket.CTC', '7000'),
(287, 234, '2022-02-15', '1300000', 4, 1, 'Screenshot_2022-06-27_1211561.png', 'Kuningan Kota.Kuningan Provinsi.Jawa Barat Expedisi.jne Paket.CTC', '7000'),
(288, 128, '2022-02-15', '5529000', 4, 1, 'Screenshot_2022-06-27_1211561.png', 'Kuningan Kota.Kuningan Provinsi.Jawa Barat Expedisi.jne Paket.CTC', '7000'),
(289, 372, '2022-02-15', '8125000', 4, 1, 'Screenshot_2022-06-27_1211561.png', 'Kuningan Kota.Kuningan Provinsi.Jawa Barat Expedisi.jne Paket.CTC', '7000'),
(290, 67, '2022-02-15', '8125000', 4, 1, 'Screenshot_2022-06-27_1211561.png', 'Kuningan Kota.Kuningan Provinsi.Jawa Barat Expedisi.jne Paket.CTC', '7000'),
(291, 382, '2022-02-15', '8255000', 4, 1, 'Screenshot_2022-06-27_1211561.png', 'Kuningan Kota.Kuningan Provinsi.Jawa Barat Expedisi.jne Paket.CTC', '7000'),
(292, 246, '2022-02-15', '2320000', 4, 1, 'Screenshot_2022-06-27_1211561.png', 'Kuningan Kota.Kuningan Provinsi.Jawa Barat Expedisi.jne Paket.CTC', '7000'),
(293, 157, '2022-02-15', '8125000', 4, 1, 'Screenshot_2022-06-27_1211561.png', 'Kuningan Kota.Kuningan Provinsi.Jawa Barat Expedisi.jne Paket.CTC', '7000'),
(294, 246, '2022-02-15', '7540000', 4, 1, 'Screenshot_2022-06-27_1211561.png', 'Kuningan Kota.Kuningan Provinsi.Jawa Barat Expedisi.jne Paket.CTC', '7000'),
(295, 101, '2022-02-15', '3125000', 4, 1, 'Screenshot_2022-06-27_1211561.png', 'Kuningan Kota.Kuningan Provinsi.Jawa Barat Expedisi.jne Paket.CTC', '7000'),
(296, 123, '2022-02-15', '8125000', 4, 1, 'Screenshot_2022-06-27_1211561.png', 'Kuningan Kota.Kuningan Provinsi.Jawa Barat Expedisi.jne Paket.CTC', '7000'),
(297, 128, '2022-02-16', '5506200', 4, 1, 'Screenshot_2022-06-27_1211561.png', 'Kuningan Kota.Kuningan Provinsi.Jawa Barat Expedisi.jne Paket.CTC', '7000'),
(298, 89, '2022-02-16', '8255000', 4, 1, 'Screenshot_2022-06-27_1211561.png', 'Kuningan Kota.Kuningan Provinsi.Jawa Barat Expedisi.jne Paket.CTC', '7000'),
(299, 116, '2022-02-16', '8320000', 4, 1, 'Screenshot_2022-06-27_1211561.png', 'Kuningan Kota.Kuningan Provinsi.Jawa Barat Expedisi.jne Paket.CTC', '7000'),
(300, 13, '2022-02-16', '8255000', 4, 1, 'Screenshot_2022-06-27_1211561.png', 'Kuningan Kota.Kuningan Provinsi.Jawa Barat Expedisi.jne Paket.CTC', '7000'),
(301, 331, '2022-02-16', '8255000', 4, 1, 'Screenshot_2022-06-27_1211561.png', 'Kuningan Kota.Kuningan Provinsi.Jawa Barat Expedisi.jne Paket.CTC', '7000'),
(302, 164, '2022-02-16', '8190000', 4, 1, 'Screenshot_2022-06-27_1211561.png', 'Kuningan Kota.Kuningan Provinsi.Jawa Barat Expedisi.jne Paket.CTC', '7000'),
(303, 128, '2022-02-16', '3648000', 4, 1, 'Screenshot_2022-06-27_1211561.png', 'Kuningan Kota.Kuningan Provinsi.Jawa Barat Expedisi.jne Paket.CTC', '7000'),
(304, 79, '2022-02-16', '8120000', 4, 1, 'Screenshot_2022-06-27_1211561.png', 'Kuningan Kota.Kuningan Provinsi.Jawa Barat Expedisi.jne Paket.CTC', '7000'),
(305, 157, '2022-02-16', '8125000', 4, 1, 'Screenshot_2022-06-27_1211561.png', 'Kuningan Kota.Kuningan Provinsi.Jawa Barat Expedisi.jne Paket.CTC', '7000'),
(306, 342, '2022-02-17', '8255000', 4, 1, 'Screenshot_2022-06-27_1211561.png', 'Kuningan Kota.Kuningan Provinsi.Jawa Barat Expedisi.jne Paket.CTC', '7000'),
(307, 143, '2022-02-17', '8255000', 4, 1, 'Screenshot_2022-06-27_1211561.png', 'Kuningan Kota.Kuningan Provinsi.Jawa Barat Expedisi.jne Paket.CTC', '7000'),
(308, 304, '2022-02-17', '8125000', 4, 1, 'Screenshot_2022-06-27_1211561.png', 'Kuningan Kota.Kuningan Provinsi.Jawa Barat Expedisi.jne Paket.CTC', '7000'),
(309, 128, '2022-02-17', '5130000', 4, 1, 'Screenshot_2022-06-27_1211561.png', 'Kuningan Kota.Kuningan Provinsi.Jawa Barat Expedisi.jne Paket.CTC', '7000'),
(310, 128, '2022-02-17', '6441000', 4, 1, 'Screenshot_2022-06-27_1211561.png', 'Kuningan Kota.Kuningan Provinsi.Jawa Barat Expedisi.jne Paket.CTC', '7000'),
(311, 204, '2022-02-17', '8255000', 4, 1, 'Screenshot_2022-06-27_1211561.png', 'Kuningan Kota.Kuningan Provinsi.Jawa Barat Expedisi.jne Paket.CTC', '7000'),
(312, 79, '2022-02-17', '5220000', 4, 1, 'Screenshot_2022-06-27_1211561.png', 'Kuningan Kota.Kuningan Provinsi.Jawa Barat Expedisi.jne Paket.CTC', '7000'),
(313, 372, '2022-02-17', '8125000', 4, 1, 'Screenshot_2022-06-27_1211561.png', 'Kuningan Kota.Kuningan Provinsi.Jawa Barat Expedisi.jne Paket.CTC', '7000'),
(314, 79, '2022-02-17', '202500', 4, 1, 'Screenshot_2022-06-27_1211561.png', 'Kuningan Kota.Kuningan Provinsi.Jawa Barat Expedisi.jne Paket.CTC', '7000'),
(315, 246, '2022-02-18', '7540000', 4, 1, 'Screenshot_2022-06-27_1211561.png', 'Kuningan Kota.Kuningan Provinsi.Jawa Barat Expedisi.jne Paket.CTC', '7000'),
(316, 111, '2022-02-18', '8255000', 4, 1, 'Screenshot_2022-06-27_1211561.png', 'Kuningan Kota.Kuningan Provinsi.Jawa Barat Expedisi.jne Paket.CTC', '7000'),
(317, 253, '2022-02-18', '8255000', 4, 1, 'Screenshot_2022-06-27_1211561.png', 'Kuningan Kota.Kuningan Provinsi.Jawa Barat Expedisi.jne Paket.CTC', '7000'),
(318, 157, '2022-02-18', '8125000', 4, 1, 'Screenshot_2022-06-27_1211561.png', 'Kuningan Kota.Kuningan Provinsi.Jawa Barat Expedisi.jne Paket.CTC', '7000'),
(319, 79, '2022-02-18', '5220000', 4, 1, 'Screenshot_2022-06-27_1211561.png', 'Kuningan Kota.Kuningan Provinsi.Jawa Barat Expedisi.jne Paket.CTC', '7000'),
(320, 128, '2022-02-18', '5141400', 4, 1, 'Screenshot_2022-06-27_1211561.png', 'Kuningan Kota.Kuningan Provinsi.Jawa Barat Expedisi.jne Paket.CTC', '7000'),
(321, 79, '2022-02-18', '8345000', 4, 1, 'Screenshot_2022-06-27_1211561.png', 'Kuningan Kota.Kuningan Provinsi.Jawa Barat Expedisi.jne Paket.CTC', '7000'),
(322, 277, '2022-02-18', '4130000', 4, 1, 'Screenshot_2022-06-27_1211561.png', 'Kuningan Kota.Kuningan Provinsi.Jawa Barat Expedisi.jne Paket.CTC', '7000');
INSERT INTO `transaksi` (`id_transaksi`, `id_pelanggan`, `tgl_transaksi`, `tot_transaksi`, `stat_transaksi`, `stat_pembayaran`, `bukti_pembayaran`, `pengiriman`, `ongkir`) VALUES
(323, 128, '2022-02-19', '6509400', 4, 1, 'Screenshot_2022-06-27_1211561.png', 'Kuningan Kota.Kuningan Provinsi.Jawa Barat Expedisi.jne Paket.CTC', '7000'),
(324, 128, '2022-02-19', '5016000', 4, 1, 'Screenshot_2022-06-27_1211561.png', 'Kuningan Kota.Kuningan Provinsi.Jawa Barat Expedisi.jne Paket.CTC', '7000'),
(325, 101, '2022-02-19', '2950000', 4, 1, 'Screenshot_2022-06-27_1211561.png', 'Kuningan Kota.Kuningan Provinsi.Jawa Barat Expedisi.jne Paket.CTC', '7000'),
(326, 146, '2022-02-19', '8255000', 4, 1, 'Screenshot_2022-06-27_1211561.png', 'Kuningan Kota.Kuningan Provinsi.Jawa Barat Expedisi.jne Paket.CTC', '7000'),
(327, 32, '2022-02-19', '8125000', 4, 1, 'Screenshot_2022-06-27_1211561.png', 'Kuningan Kota.Kuningan Provinsi.Jawa Barat Expedisi.jne Paket.CTC', '7000'),
(328, 157, '2022-02-19', '8125000', 4, 1, 'Screenshot_2022-06-27_1211561.png', 'Kuningan Kota.Kuningan Provinsi.Jawa Barat Expedisi.jne Paket.CTC', '7000'),
(329, 225, '2022-02-19', '8255000', 4, 1, 'Screenshot_2022-06-27_1211561.png', 'Kuningan Kota.Kuningan Provinsi.Jawa Barat Expedisi.jne Paket.CTC', '7000'),
(330, 306, '2022-02-19', '8255000', 4, 1, 'Screenshot_2022-06-27_1211561.png', 'Kuningan Kota.Kuningan Provinsi.Jawa Barat Expedisi.jne Paket.CTC', '7000'),
(331, 45, '2022-02-21', '16250000', 4, 1, 'Screenshot_2022-06-27_1211561.png', 'Kuningan Kota.Kuningan Provinsi.Jawa Barat Expedisi.jne Paket.CTC', '7000'),
(332, 123, '2022-02-21', '8060000', 4, 1, 'Screenshot_2022-06-27_1211561.png', 'Kuningan Kota.Kuningan Provinsi.Jawa Barat Expedisi.jne Paket.CTC', '7000'),
(333, 139, '2022-02-21', '8255000', 4, 1, 'Screenshot_2022-06-27_1211561.png', 'Kuningan Kota.Kuningan Provinsi.Jawa Barat Expedisi.jne Paket.CTC', '7000'),
(334, 87, '2022-02-21', '8320000', 4, 1, 'Screenshot_2022-06-27_1211561.png', 'Kuningan Kota.Kuningan Provinsi.Jawa Barat Expedisi.jne Paket.CTC', '7000'),
(335, 231, '2022-02-21', '8255000', 4, 1, 'Screenshot_2022-06-27_1211561.png', 'Kuningan Kota.Kuningan Provinsi.Jawa Barat Expedisi.jne Paket.CTC', '7000'),
(336, 34, '2022-02-21', '8255000', 4, 1, 'Screenshot_2022-06-27_1211561.png', 'Kuningan Kota.Kuningan Provinsi.Jawa Barat Expedisi.jne Paket.CTC', '7000'),
(337, 116, '2022-02-21', '8255000', 4, 1, 'Screenshot_2022-06-27_1211561.png', 'Kuningan Kota.Kuningan Provinsi.Jawa Barat Expedisi.jne Paket.CTC', '7000'),
(338, 31, '2022-02-21', '16250000', 4, 1, 'Screenshot_2022-06-27_1211561.png', 'Kuningan Kota.Kuningan Provinsi.Jawa Barat Expedisi.jne Paket.CTC', '7000'),
(339, 213, '2022-02-21', '8320000', 4, 1, 'Screenshot_2022-06-27_1211561.png', 'Kuningan Kota.Kuningan Provinsi.Jawa Barat Expedisi.jne Paket.CTC', '7000'),
(340, 311, '2022-02-22', '8255000', 4, 1, 'Screenshot_2022-06-27_1211561.png', 'Kuningan Kota.Kuningan Provinsi.Jawa Barat Expedisi.jne Paket.CTC', '7000'),
(341, 323, '2022-02-22', '8255000', 4, 1, 'Screenshot_2022-06-27_1211561.png', 'Kuningan Kota.Kuningan Provinsi.Jawa Barat Expedisi.jne Paket.CTC', '7000'),
(342, 10, '2022-02-22', '8255000', 4, 1, 'Screenshot_2022-06-27_1211561.png', 'Kuningan Kota.Kuningan Provinsi.Jawa Barat Expedisi.jne Paket.CTC', '7000'),
(343, 134, '2022-02-22', '8255000', 4, 1, 'Screenshot_2022-06-27_1211561.png', 'Kuningan Kota.Kuningan Provinsi.Jawa Barat Expedisi.jne Paket.CTC', '7000'),
(344, 28, '2022-02-22', '5895000', 4, 1, 'Screenshot_2022-06-27_1211561.png', 'Kuningan Kota.Kuningan Provinsi.Jawa Barat Expedisi.jne Paket.CTC', '7000'),
(345, 128, '2022-02-22', '5301000', 4, 1, 'Screenshot_2022-06-27_1211561.png', 'Kuningan Kota.Kuningan Provinsi.Jawa Barat Expedisi.jne Paket.CTC', '7000'),
(346, 79, '2022-02-22', '8120000', 4, 1, 'Screenshot_2022-06-27_1211561.png', 'Kuningan Kota.Kuningan Provinsi.Jawa Barat Expedisi.jne Paket.CTC', '7000'),
(347, 128, '2022-02-22', '4731000', 4, 1, 'Screenshot_2022-06-27_1211561.png', 'Kuningan Kota.Kuningan Provinsi.Jawa Barat Expedisi.jne Paket.CTC', '7000'),
(348, 34, '2022-02-22', '8125000', 4, 1, 'Screenshot_2022-06-27_1211561.png', 'Kuningan Kota.Kuningan Provinsi.Jawa Barat Expedisi.jne Paket.CTC', '7000'),
(349, 246, '2022-02-22', '7540000', 4, 1, 'Screenshot_2022-06-27_1211561.png', 'Kuningan Kota.Kuningan Provinsi.Jawa Barat Expedisi.jne Paket.CTC', '7000'),
(350, 100, '2022-02-22', '265000', 4, 1, 'Screenshot_2022-06-27_1211561.png', 'Kuningan Kota.Kuningan Provinsi.Jawa Barat Expedisi.jne Paket.CTC', '7000'),
(351, 112, '2022-02-23', '8255000', 4, 1, 'Screenshot_2022-06-27_1211561.png', 'Kuningan Kota.Kuningan Provinsi.Jawa Barat Expedisi.jne Paket.CTC', '7000'),
(352, 237, '2022-02-23', '8255000', 4, 1, 'Screenshot_2022-06-27_1211561.png', 'Kuningan Kota.Kuningan Provinsi.Jawa Barat Expedisi.jne Paket.CTC', '7000'),
(353, 45, '2022-02-23', '8255000', 4, 1, 'Screenshot_2022-06-27_1211561.png', 'Kuningan Kota.Kuningan Provinsi.Jawa Barat Expedisi.jne Paket.CTC', '7000'),
(354, 128, '2022-02-23', '5358000', 4, 1, 'Screenshot_2022-06-27_1211561.png', 'Kuningan Kota.Kuningan Provinsi.Jawa Barat Expedisi.jne Paket.CTC', '7000'),
(355, 128, '2022-02-23', '5415000', 4, 1, 'Screenshot_2022-06-27_1211561.png', 'Kuningan Kota.Kuningan Provinsi.Jawa Barat Expedisi.jne Paket.CTC', '7000'),
(356, 34, '2022-02-23', '8125000', 4, 1, 'Screenshot_2022-06-27_1211561.png', 'Kuningan Kota.Kuningan Provinsi.Jawa Barat Expedisi.jne Paket.CTC', '7000'),
(357, 227, '2022-02-23', '16250000', 4, 1, 'Screenshot_2022-06-27_1211561.png', 'Kuningan Kota.Kuningan Provinsi.Jawa Barat Expedisi.jne Paket.CTC', '7000'),
(358, 43, '2022-02-23', '8320000', 4, 1, 'Screenshot_2022-06-27_1211561.png', 'Kuningan Kota.Kuningan Provinsi.Jawa Barat Expedisi.jne Paket.CTC', '7000'),
(359, 128, '2022-02-23', '5278200', 4, 1, 'Screenshot_2022-06-27_1211561.png', 'Kuningan Kota.Kuningan Provinsi.Jawa Barat Expedisi.jne Paket.CTC', '7000'),
(360, 101, '2022-02-23', '4130000', 4, 1, 'Screenshot_2022-06-27_1211561.png', 'Kuningan Kota.Kuningan Provinsi.Jawa Barat Expedisi.jne Paket.CTC', '7000'),
(361, 79, '2022-02-23', '8120000', 4, 1, 'Screenshot_2022-06-27_1211561.png', 'Kuningan Kota.Kuningan Provinsi.Jawa Barat Expedisi.jne Paket.CTC', '7000'),
(362, 232, '2022-02-24', '8255000', 4, 1, 'Screenshot_2022-06-27_1211561.png', 'Kuningan Kota.Kuningan Provinsi.Jawa Barat Expedisi.jne Paket.CTC', '7000'),
(363, 101, '2022-02-24', '8255000', 4, 1, 'Screenshot_2022-06-27_1211561.png', 'Kuningan Kota.Kuningan Provinsi.Jawa Barat Expedisi.jne Paket.CTC', '7000'),
(364, 203, '2022-02-24', '8450000', 4, 1, 'Screenshot_2022-06-27_1211561.png', 'Kuningan Kota.Kuningan Provinsi.Jawa Barat Expedisi.jne Paket.CTC', '7000'),
(365, 164, '2022-02-24', '8190000', 4, 1, 'Screenshot_2022-06-27_1211561.png', 'Kuningan Kota.Kuningan Provinsi.Jawa Barat Expedisi.jne Paket.CTC', '7000'),
(366, 51, '2022-02-24', '8125000', 4, 1, 'Screenshot_2022-06-27_1211561.png', 'Kuningan Kota.Kuningan Provinsi.Jawa Barat Expedisi.jne Paket.CTC', '7000'),
(367, 253, '2022-02-24', '8255000', 4, 1, 'Screenshot_2022-06-27_1211561.png', 'Kuningan Kota.Kuningan Provinsi.Jawa Barat Expedisi.jne Paket.CTC', '7000'),
(368, 313, '2022-02-24', '8255000', 4, 1, 'Screenshot_2022-06-27_1211561.png', 'Kuningan Kota.Kuningan Provinsi.Jawa Barat Expedisi.jne Paket.CTC', '7000'),
(369, 246, '2022-02-24', '7540000', 4, 1, 'Screenshot_2022-06-27_1211561.png', 'Kuningan Kota.Kuningan Provinsi.Jawa Barat Expedisi.jne Paket.CTC', '7000'),
(370, 108, '2022-02-24', '8255000', 4, 1, 'Screenshot_2022-06-27_1211561.png', 'Kuningan Kota.Kuningan Provinsi.Jawa Barat Expedisi.jne Paket.CTC', '7000'),
(371, 182, '2022-02-24', '202500', 4, 1, 'Screenshot_2022-06-27_1211561.png', 'Kuningan Kota.Kuningan Provinsi.Jawa Barat Expedisi.jne Paket.CTC', '7000'),
(372, 325, '2022-02-25', '1350000', 4, 1, 'Screenshot_2022-06-27_1211561.png', 'Kuningan Kota.Kuningan Provinsi.Jawa Barat Expedisi.jne Paket.CTC', '7000'),
(373, 109, '2022-02-25', '4600000', 4, 1, 'Screenshot_2022-06-27_1211561.png', 'Kuningan Kota.Kuningan Provinsi.Jawa Barat Expedisi.jne Paket.CTC', '7000'),
(374, 85, '2022-02-25', '2620000', 4, 1, 'Screenshot_2022-06-27_1211561.png', 'Kuningan Kota.Kuningan Provinsi.Jawa Barat Expedisi.jne Paket.CTC', '7000'),
(375, 146, '2022-02-25', '2620000', 4, 1, 'Screenshot_2022-06-27_1211561.png', 'Kuningan Kota.Kuningan Provinsi.Jawa Barat Expedisi.jne Paket.CTC', '7000'),
(376, 177, '2022-02-25', '1330000', 4, 1, 'Screenshot_2022-06-27_1211561.png', 'Kuningan Kota.Kuningan Provinsi.Jawa Barat Expedisi.jne Paket.CTC', '7000'),
(377, 319, '2022-02-25', '8190000', 4, 1, 'Screenshot_2022-06-27_1211561.png', 'Kuningan Kota.Kuningan Provinsi.Jawa Barat Expedisi.jne Paket.CTC', '7000'),
(378, 79, '2022-02-25', '8120000', 4, 1, 'Screenshot_2022-06-27_1211561.png', 'Kuningan Kota.Kuningan Provinsi.Jawa Barat Expedisi.jne Paket.CTC', '7000'),
(379, 297, '2022-02-25', '8255000', 4, 1, 'Screenshot_2022-06-27_1211561.png', 'Kuningan Kota.Kuningan Provinsi.Jawa Barat Expedisi.jne Paket.CTC', '7000'),
(380, 128, '2022-02-25', '5130000', 4, 1, 'Screenshot_2022-06-27_1211561.png', 'Kuningan Kota.Kuningan Provinsi.Jawa Barat Expedisi.jne Paket.CTC', '7000'),
(381, 0, '', '', 0, 0, '', '', ''),
(382, 0, '', '', 0, 0, '', '', ''),
(383, 0, '', '', 0, 0, '', '', ''),
(384, 0, '', '', 0, 0, '', '', ''),
(385, 0, '', '', 0, 0, '', '', ''),
(386, 0, '', '', 0, 0, '', '', ''),
(387, 0, '', '', 0, 0, '', '', ''),
(388, 0, '', '', 0, 0, '', '', ''),
(389, 0, '', '', 0, 0, '', '', ''),
(390, 0, '', '', 0, 0, '', '', ''),
(391, 0, '', '', 0, 0, '', '', ''),
(392, 0, '', '', 0, 0, '', '', ''),
(393, 0, '', '', 0, 0, '', '', ''),
(394, 0, '', '', 0, 0, '', '', ''),
(395, 0, '', '', 0, 0, '', '', ''),
(396, 0, '', '', 0, 0, '', '', ''),
(397, 0, '', '', 0, 0, '', '', ''),
(398, 0, '', '', 0, 0, '', '', ''),
(399, 0, '', '', 0, 0, '', '', ''),
(400, 0, '', '', 0, 0, '', '', ''),
(401, 0, '', '', 0, 0, '', '', ''),
(402, 0, '', '', 0, 0, '', '', ''),
(403, 0, '', '', 0, 0, '', '', ''),
(404, 0, '', '', 0, 0, '', '', ''),
(405, 0, '', '', 0, 0, '', '', ''),
(406, 0, '', '', 0, 0, '', '', ''),
(407, 0, '', '', 0, 0, '', '', ''),
(408, 0, '', '', 0, 0, '', '', ''),
(409, 0, '', '', 0, 0, '', '', ''),
(410, 0, '', '', 0, 0, '', '', ''),
(411, 0, '', '', 0, 0, '', '', ''),
(412, 0, '', '', 0, 0, '', '', ''),
(413, 0, '', '', 0, 0, '', '', ''),
(414, 0, '', '', 0, 0, '', '', ''),
(415, 0, '', '', 0, 0, '', '', ''),
(416, 0, '', '', 0, 0, '', '', ''),
(417, 0, '', '', 0, 0, '', '', ''),
(418, 0, '', '', 0, 0, '', '', ''),
(419, 0, '', '', 0, 0, '', '', ''),
(420, 0, '', '', 0, 0, '', '', ''),
(421, 0, '', '', 0, 0, '', '', ''),
(422, 0, '', '', 0, 0, '', '', ''),
(423, 0, '', '', 0, 0, '', '', ''),
(424, 0, '', '', 0, 0, '', '', ''),
(425, 0, '', '', 0, 0, '', '', ''),
(426, 0, '', '', 0, 0, '', '', ''),
(427, 0, '', '', 0, 0, '', '', ''),
(428, 0, '', '', 0, 0, '', '', ''),
(429, 0, '', '', 0, 0, '', '', ''),
(430, 0, '', '', 0, 0, '', '', ''),
(431, 0, '', '', 0, 0, '', '', ''),
(432, 0, '', '', 0, 0, '', '', ''),
(433, 0, '', '', 0, 0, '', '', ''),
(434, 0, '', '', 0, 0, '', '', ''),
(435, 0, '', '', 0, 0, '', '', ''),
(436, 0, '', '', 0, 0, '', '', ''),
(437, 0, '', '', 0, 0, '', '', ''),
(438, 0, '', '', 0, 0, '', '', ''),
(439, 0, '', '', 0, 0, '', '', ''),
(440, 0, '', '', 0, 0, '', '', ''),
(441, 0, '', '', 0, 0, '', '', ''),
(442, 0, '', '', 0, 0, '', '', ''),
(443, 0, '', '', 0, 0, '', '', ''),
(444, 0, '', '', 0, 0, '', '', ''),
(445, 0, '', '', 0, 0, '', '', ''),
(446, 0, '', '', 0, 0, '', '', ''),
(447, 0, '', '', 0, 0, '', '', ''),
(448, 0, '', '', 0, 0, '', '', ''),
(449, 0, '', '', 0, 0, '', '', ''),
(450, 0, '', '', 0, 0, '', '', ''),
(451, 0, '', '', 0, 0, '', '', ''),
(452, 0, '', '', 0, 0, '', '', ''),
(453, 0, '', '', 0, 0, '', '', ''),
(454, 0, '', '', 0, 0, '', '', ''),
(455, 0, '', '', 0, 0, '', '', ''),
(456, 0, '', '', 0, 0, '', '', ''),
(457, 0, '', '', 0, 0, '', '', ''),
(458, 0, '', '', 0, 0, '', '', ''),
(459, 0, '', '', 0, 0, '', '', ''),
(460, 0, '', '', 0, 0, '', '', ''),
(461, 0, '', '', 0, 0, '', '', ''),
(462, 0, '', '', 0, 0, '', '', ''),
(463, 0, '', '', 0, 0, '', '', ''),
(464, 0, '', '', 0, 0, '', '', ''),
(465, 0, '', '', 0, 0, '', '', ''),
(466, 0, '', '', 0, 0, '', '', ''),
(467, 0, '', '', 0, 0, '', '', ''),
(468, 0, '', '', 0, 0, '', '', ''),
(469, 0, '', '', 0, 0, '', '', ''),
(470, 0, '', '', 0, 0, '', '', ''),
(471, 0, '', '', 0, 0, '', '', ''),
(472, 0, '', '', 0, 0, '', '', ''),
(473, 0, '', '', 0, 0, '', '', ''),
(474, 0, '', '', 0, 0, '', '', ''),
(475, 0, '', '', 0, 0, '', '', ''),
(476, 0, '', '', 0, 0, '', '', ''),
(477, 0, '', '', 0, 0, '', '', ''),
(478, 0, '', '', 0, 0, '', '', ''),
(479, 0, '', '', 0, 0, '', '', ''),
(480, 0, '', '', 0, 0, '', '', ''),
(481, 0, '', '', 0, 0, '', '', ''),
(482, 0, '', '', 0, 0, '', '', ''),
(483, 0, '', '', 0, 0, '', '', ''),
(484, 0, '', '', 0, 0, '', '', ''),
(485, 0, '', '', 0, 0, '', '', ''),
(486, 0, '', '', 0, 0, '', '', ''),
(487, 0, '', '', 0, 0, '', '', ''),
(488, 0, '', '', 0, 0, '', '', ''),
(489, 0, '', '', 0, 0, '', '', ''),
(490, 0, '', '', 0, 0, '', '', ''),
(491, 0, '', '', 0, 0, '', '', ''),
(492, 0, '', '', 0, 0, '', '', ''),
(493, 0, '', '', 0, 0, '', '', ''),
(494, 0, '', '', 0, 0, '', '', ''),
(495, 0, '', '', 0, 0, '', '', ''),
(496, 0, '', '', 0, 0, '', '', ''),
(497, 0, '', '', 0, 0, '', '', ''),
(498, 0, '', '', 0, 0, '', '', ''),
(499, 0, '', '', 0, 0, '', '', ''),
(500, 0, '', '', 0, 0, '', '', ''),
(501, 0, '', '', 0, 0, '', '', ''),
(502, 0, '', '', 0, 0, '', '', ''),
(503, 0, '', '', 0, 0, '', '', ''),
(504, 0, '', '', 0, 0, '', '', ''),
(505, 0, '', '', 0, 0, '', '', ''),
(506, 0, '', '', 0, 0, '', '', ''),
(507, 0, '', '', 0, 0, '', '', ''),
(508, 0, '', '', 0, 0, '', '', ''),
(509, 0, '', '', 0, 0, '', '', ''),
(510, 0, '', '', 0, 0, '', '', ''),
(511, 0, '', '', 0, 0, '', '', ''),
(512, 0, '', '', 0, 0, '', '', ''),
(513, 0, '', '', 0, 0, '', '', ''),
(514, 0, '', '', 0, 0, '', '', ''),
(515, 0, '', '', 0, 0, '', '', ''),
(516, 0, '', '', 0, 0, '', '', ''),
(517, 0, '', '', 0, 0, '', '', ''),
(518, 0, '', '', 0, 0, '', '', ''),
(519, 0, '', '', 0, 0, '', '', ''),
(520, 0, '', '', 0, 0, '', '', ''),
(521, 0, '', '', 0, 0, '', '', ''),
(522, 0, '', '', 0, 0, '', '', ''),
(523, 0, '', '', 0, 0, '', '', ''),
(524, 0, '', '', 0, 0, '', '', ''),
(525, 0, '', '', 0, 0, '', '', ''),
(526, 0, '', '', 0, 0, '', '', ''),
(527, 0, '', '', 0, 0, '', '', ''),
(528, 0, '', '', 0, 0, '', '', ''),
(529, 0, '', '', 0, 0, '', '', ''),
(530, 0, '', '', 0, 0, '', '', ''),
(531, 0, '', '', 0, 0, '', '', ''),
(532, 0, '', '', 0, 0, '', '', ''),
(533, 0, '', '', 0, 0, '', '', ''),
(534, 0, '', '', 0, 0, '', '', ''),
(535, 0, '', '', 0, 0, '', '', ''),
(536, 0, '', '', 0, 0, '', '', ''),
(537, 0, '', '', 0, 0, '', '', ''),
(538, 0, '', '', 0, 0, '', '', ''),
(539, 0, '', '', 0, 0, '', '', ''),
(540, 0, '', '', 0, 0, '', '', ''),
(541, 0, '', '', 0, 0, '', '', ''),
(542, 0, '', '', 0, 0, '', '', ''),
(543, 0, '', '', 0, 0, '', '', ''),
(544, 0, '', '', 0, 0, '', '', ''),
(545, 0, '', '', 0, 0, '', '', ''),
(546, 0, '', '', 0, 0, '', '', ''),
(547, 0, '', '', 0, 0, '', '', ''),
(548, 0, '', '', 0, 0, '', '', ''),
(549, 0, '', '', 0, 0, '', '', ''),
(550, 0, '', '', 0, 0, '', '', ''),
(551, 0, '', '', 0, 0, '', '', ''),
(552, 0, '', '', 0, 0, '', '', ''),
(553, 0, '', '', 0, 0, '', '', ''),
(554, 0, '', '', 0, 0, '', '', ''),
(555, 0, '', '', 0, 0, '', '', ''),
(556, 0, '', '', 0, 0, '', '', ''),
(557, 0, '', '', 0, 0, '', '', ''),
(558, 0, '', '', 0, 0, '', '', ''),
(559, 0, '', '', 0, 0, '', '', ''),
(560, 0, '', '', 0, 0, '', '', ''),
(561, 0, '', '', 0, 0, '', '', ''),
(562, 0, '', '', 0, 0, '', '', ''),
(563, 0, '', '', 0, 0, '', '', ''),
(564, 0, '', '', 0, 0, '', '', ''),
(565, 0, '', '', 0, 0, '', '', ''),
(566, 0, '', '', 0, 0, '', '', ''),
(567, 0, '', '', 0, 0, '', '', ''),
(568, 0, '', '', 0, 0, '', '', ''),
(569, 0, '', '', 0, 0, '', '', ''),
(570, 0, '', '', 0, 0, '', '', ''),
(571, 0, '', '', 0, 0, '', '', ''),
(572, 0, '', '', 0, 0, '', '', ''),
(573, 0, '', '', 0, 0, '', '', ''),
(574, 0, '', '', 0, 0, '', '', ''),
(575, 0, '', '', 0, 0, '', '', ''),
(576, 0, '', '', 0, 0, '', '', ''),
(577, 0, '', '', 0, 0, '', '', ''),
(578, 0, '', '', 0, 0, '', '', ''),
(579, 0, '', '', 0, 0, '', '', ''),
(580, 0, '', '', 0, 0, '', '', ''),
(581, 0, '', '', 0, 0, '', '', ''),
(582, 0, '', '', 0, 0, '', '', ''),
(583, 0, '', '', 0, 0, '', '', ''),
(584, 0, '', '', 0, 0, '', '', ''),
(585, 0, '', '', 0, 0, '', '', ''),
(586, 0, '', '', 0, 0, '', '', ''),
(587, 0, '', '', 0, 0, '', '', ''),
(588, 0, '', '', 0, 0, '', '', ''),
(589, 0, '', '', 0, 0, '', '', ''),
(590, 0, '', '', 0, 0, '', '', ''),
(591, 0, '', '', 0, 0, '', '', ''),
(592, 0, '', '', 0, 0, '', '', ''),
(593, 0, '', '', 0, 0, '', '', ''),
(594, 0, '', '', 0, 0, '', '', ''),
(595, 0, '', '', 0, 0, '', '', ''),
(596, 0, '', '', 0, 0, '', '', ''),
(597, 0, '', '', 0, 0, '', '', ''),
(598, 0, '', '', 0, 0, '', '', ''),
(599, 0, '', '', 0, 0, '', '', ''),
(600, 0, '', '', 0, 0, '', '', ''),
(601, 0, '', '', 0, 0, '', '', ''),
(602, 0, '', '', 0, 0, '', '', ''),
(603, 0, '', '', 0, 0, '', '', ''),
(604, 0, '', '', 0, 0, '', '', ''),
(605, 0, '', '', 0, 0, '', '', ''),
(606, 0, '', '', 0, 0, '', '', ''),
(607, 0, '', '', 0, 0, '', '', ''),
(608, 0, '', '', 0, 0, '', '', ''),
(609, 0, '', '', 0, 0, '', '', ''),
(610, 0, '', '', 0, 0, '', '', ''),
(611, 0, '', '', 0, 0, '', '', ''),
(612, 0, '', '', 0, 0, '', '', ''),
(613, 0, '', '', 0, 0, '', '', ''),
(614, 0, '', '', 0, 0, '', '', ''),
(615, 0, '', '', 0, 0, '', '', ''),
(616, 0, '', '', 0, 0, '', '', ''),
(617, 0, '', '', 0, 0, '', '', ''),
(618, 0, '', '', 0, 0, '', '', ''),
(619, 0, '', '', 0, 0, '', '', ''),
(620, 0, '', '', 0, 0, '', '', ''),
(621, 0, '', '', 0, 0, '', '', ''),
(622, 0, '', '', 0, 0, '', '', ''),
(623, 0, '', '', 0, 0, '', '', ''),
(624, 0, '', '', 0, 0, '', '', ''),
(625, 0, '', '', 0, 0, '', '', ''),
(626, 0, '', '', 0, 0, '', '', ''),
(627, 0, '', '', 0, 0, '', '', ''),
(628, 0, '', '', 0, 0, '', '', ''),
(629, 0, '', '', 0, 0, '', '', ''),
(630, 0, '', '', 0, 0, '', '', ''),
(631, 0, '', '', 0, 0, '', '', ''),
(632, 0, '', '', 0, 0, '', '', ''),
(633, 0, '', '', 0, 0, '', '', ''),
(634, 0, '', '', 0, 0, '', '', ''),
(635, 0, '', '', 0, 0, '', '', ''),
(636, 0, '', '', 0, 0, '', '', ''),
(637, 0, '', '', 0, 0, '', '', ''),
(638, 0, '', '', 0, 0, '', '', ''),
(639, 0, '', '', 0, 0, '', '', ''),
(640, 0, '', '', 0, 0, '', '', ''),
(641, 0, '', '', 0, 0, '', '', ''),
(642, 0, '', '', 0, 0, '', '', ''),
(643, 0, '', '', 0, 0, '', '', ''),
(644, 0, '', '', 0, 0, '', '', ''),
(645, 0, '', '', 0, 0, '', '', ''),
(646, 0, '', '', 0, 0, '', '', ''),
(647, 0, '', '', 0, 0, '', '', ''),
(648, 0, '', '', 0, 0, '', '', ''),
(649, 0, '', '', 0, 0, '', '', ''),
(650, 0, '', '', 0, 0, '', '', ''),
(651, 0, '', '', 0, 0, '', '', ''),
(652, 0, '', '', 0, 0, '', '', ''),
(653, 0, '', '', 0, 0, '', '', ''),
(654, 0, '', '', 0, 0, '', '', ''),
(655, 0, '', '', 0, 0, '', '', ''),
(656, 0, '', '', 0, 0, '', '', ''),
(657, 0, '', '', 0, 0, '', '', ''),
(658, 0, '', '', 0, 0, '', '', ''),
(659, 0, '', '', 0, 0, '', '', ''),
(660, 0, '', '', 0, 0, '', '', ''),
(661, 0, '', '', 0, 0, '', '', ''),
(662, 0, '', '', 0, 0, '', '', ''),
(663, 0, '', '', 0, 0, '', '', ''),
(664, 0, '', '', 0, 0, '', '', ''),
(665, 0, '', '', 0, 0, '', '', ''),
(666, 0, '', '', 0, 0, '', '', ''),
(667, 0, '', '', 0, 0, '', '', ''),
(668, 0, '', '', 0, 0, '', '', ''),
(669, 0, '', '', 0, 0, '', '', ''),
(670, 0, '', '', 0, 0, '', '', ''),
(671, 0, '', '', 0, 0, '', '', ''),
(672, 0, '', '', 0, 0, '', '', ''),
(673, 0, '', '', 0, 0, '', '', ''),
(674, 0, '', '', 0, 0, '', '', ''),
(675, 0, '', '', 0, 0, '', '', ''),
(676, 0, '', '', 0, 0, '', '', ''),
(677, 0, '', '', 0, 0, '', '', ''),
(678, 0, '', '', 0, 0, '', '', ''),
(679, 0, '', '', 0, 0, '', '', ''),
(680, 0, '', '', 0, 0, '', '', ''),
(681, 0, '', '', 0, 0, '', '', ''),
(682, 0, '', '', 0, 0, '', '', ''),
(683, 0, '', '', 0, 0, '', '', ''),
(684, 0, '', '', 0, 0, '', '', ''),
(685, 0, '', '', 0, 0, '', '', ''),
(686, 0, '', '', 0, 0, '', '', ''),
(687, 0, '', '', 0, 0, '', '', ''),
(688, 0, '', '', 0, 0, '', '', ''),
(689, 0, '', '', 0, 0, '', '', ''),
(690, 0, '', '', 0, 0, '', '', ''),
(691, 0, '', '', 0, 0, '', '', ''),
(692, 0, '', '', 0, 0, '', '', ''),
(693, 0, '', '', 0, 0, '', '', ''),
(694, 0, '', '', 0, 0, '', '', ''),
(695, 0, '', '', 0, 0, '', '', ''),
(696, 0, '', '', 0, 0, '', '', ''),
(697, 0, '', '', 0, 0, '', '', ''),
(698, 0, '', '', 0, 0, '', '', ''),
(699, 0, '', '', 0, 0, '', '', ''),
(700, 0, '', '', 0, 0, '', '', ''),
(701, 0, '', '', 0, 0, '', '', ''),
(702, 0, '', '', 0, 0, '', '', ''),
(703, 0, '', '', 0, 0, '', '', ''),
(704, 0, '', '', 0, 0, '', '', ''),
(705, 0, '', '', 0, 0, '', '', ''),
(706, 0, '', '', 0, 0, '', '', ''),
(707, 0, '', '', 0, 0, '', '', ''),
(708, 0, '', '', 0, 0, '', '', ''),
(709, 0, '', '', 0, 0, '', '', ''),
(710, 0, '', '', 0, 0, '', '', ''),
(711, 0, '', '', 0, 0, '', '', ''),
(712, 0, '', '', 0, 0, '', '', ''),
(713, 0, '', '', 0, 0, '', '', ''),
(714, 0, '', '', 0, 0, '', '', ''),
(715, 0, '', '', 0, 0, '', '', ''),
(716, 0, '', '', 0, 0, '', '', ''),
(717, 0, '', '', 0, 0, '', '', ''),
(718, 0, '', '', 0, 0, '', '', ''),
(719, 0, '', '', 0, 0, '', '', ''),
(720, 0, '', '', 0, 0, '', '', ''),
(721, 0, '', '', 0, 0, '', '', ''),
(722, 0, '', '', 0, 0, '', '', ''),
(723, 0, '', '', 0, 0, '', '', ''),
(724, 0, '', '', 0, 0, '', '', ''),
(725, 0, '', '', 0, 0, '', '', ''),
(726, 0, '', '', 0, 0, '', '', ''),
(727, 0, '', '', 0, 0, '', '', ''),
(728, 0, '', '', 0, 0, '', '', ''),
(729, 0, '', '', 0, 0, '', '', ''),
(730, 0, '', '', 0, 0, '', '', ''),
(731, 0, '', '', 0, 0, '', '', ''),
(732, 0, '', '', 0, 0, '', '', ''),
(733, 0, '', '', 0, 0, '', '', ''),
(734, 0, '', '', 0, 0, '', '', ''),
(735, 0, '', '', 0, 0, '', '', ''),
(736, 0, '', '', 0, 0, '', '', ''),
(737, 0, '', '', 0, 0, '', '', ''),
(738, 0, '', '', 0, 0, '', '', ''),
(739, 0, '', '', 0, 0, '', '', ''),
(740, 0, '', '', 0, 0, '', '', ''),
(741, 0, '', '', 0, 0, '', '', ''),
(742, 0, '', '', 0, 0, '', '', ''),
(743, 0, '', '', 0, 0, '', '', ''),
(744, 0, '', '', 0, 0, '', '', ''),
(745, 0, '', '', 0, 0, '', '', ''),
(746, 0, '', '', 0, 0, '', '', ''),
(747, 0, '', '', 0, 0, '', '', ''),
(748, 0, '', '', 0, 0, '', '', ''),
(749, 0, '', '', 0, 0, '', '', ''),
(750, 0, '', '', 0, 0, '', '', ''),
(751, 0, '', '', 0, 0, '', '', ''),
(752, 0, '', '', 0, 0, '', '', ''),
(753, 0, '', '', 0, 0, '', '', ''),
(754, 0, '', '', 0, 0, '', '', ''),
(755, 0, '', '', 0, 0, '', '', ''),
(756, 0, '', '', 0, 0, '', '', ''),
(757, 0, '', '', 0, 0, '', '', ''),
(758, 0, '', '', 0, 0, '', '', ''),
(759, 0, '', '', 0, 0, '', '', ''),
(760, 0, '', '', 0, 0, '', '', ''),
(761, 0, '', '', 0, 0, '', '', ''),
(762, 0, '', '', 0, 0, '', '', ''),
(763, 0, '', '', 0, 0, '', '', ''),
(764, 0, '', '', 0, 0, '', '', ''),
(765, 0, '', '', 0, 0, '', '', ''),
(766, 0, '', '', 0, 0, '', '', ''),
(767, 0, '', '', 0, 0, '', '', ''),
(768, 0, '', '', 0, 0, '', '', ''),
(769, 0, '', '', 0, 0, '', '', ''),
(770, 0, '', '', 0, 0, '', '', ''),
(771, 0, '', '', 0, 0, '', '', ''),
(772, 0, '', '', 0, 0, '', '', ''),
(773, 0, '', '', 0, 0, '', '', ''),
(774, 0, '', '', 0, 0, '', '', ''),
(775, 0, '', '', 0, 0, '', '', ''),
(776, 0, '', '', 0, 0, '', '', ''),
(777, 0, '', '', 0, 0, '', '', ''),
(778, 0, '', '', 0, 0, '', '', ''),
(779, 0, '', '', 0, 0, '', '', ''),
(780, 0, '', '', 0, 0, '', '', ''),
(781, 0, '', '', 0, 0, '', '', ''),
(782, 0, '', '', 0, 0, '', '', ''),
(783, 0, '', '', 0, 0, '', '', ''),
(784, 0, '', '', 0, 0, '', '', ''),
(785, 0, '', '', 0, 0, '', '', ''),
(786, 0, '', '', 0, 0, '', '', ''),
(787, 0, '', '', 0, 0, '', '', ''),
(788, 0, '', '', 0, 0, '', '', ''),
(789, 0, '', '', 0, 0, '', '', ''),
(790, 0, '', '', 0, 0, '', '', ''),
(791, 0, '', '', 0, 0, '', '', ''),
(792, 0, '', '', 0, 0, '', '', ''),
(793, 0, '', '', 0, 0, '', '', ''),
(794, 0, '', '', 0, 0, '', '', ''),
(795, 0, '', '', 0, 0, '', '', ''),
(796, 0, '', '', 0, 0, '', '', ''),
(797, 0, '', '', 0, 0, '', '', ''),
(798, 0, '', '', 0, 0, '', '', ''),
(799, 0, '', '', 0, 0, '', '', ''),
(800, 0, '', '', 0, 0, '', '', ''),
(801, 0, '', '', 0, 0, '', '', ''),
(802, 0, '', '', 0, 0, '', '', ''),
(803, 0, '', '', 0, 0, '', '', ''),
(804, 0, '', '', 0, 0, '', '', ''),
(805, 0, '', '', 0, 0, '', '', ''),
(806, 0, '', '', 0, 0, '', '', ''),
(807, 0, '', '', 0, 0, '', '', ''),
(808, 0, '', '', 0, 0, '', '', ''),
(809, 0, '', '', 0, 0, '', '', ''),
(810, 0, '', '', 0, 0, '', '', ''),
(811, 0, '', '', 0, 0, '', '', ''),
(812, 0, '', '', 0, 0, '', '', ''),
(813, 0, '', '', 0, 0, '', '', ''),
(814, 0, '', '', 0, 0, '', '', ''),
(815, 0, '', '', 0, 0, '', '', ''),
(816, 0, '', '', 0, 0, '', '', ''),
(817, 0, '', '', 0, 0, '', '', ''),
(818, 0, '', '', 0, 0, '', '', ''),
(819, 0, '', '', 0, 0, '', '', ''),
(820, 0, '', '', 0, 0, '', '', ''),
(821, 0, '', '', 0, 0, '', '', ''),
(822, 0, '', '', 0, 0, '', '', ''),
(823, 0, '', '', 0, 0, '', '', ''),
(824, 0, '', '', 0, 0, '', '', ''),
(825, 0, '', '', 0, 0, '', '', ''),
(826, 0, '', '', 0, 0, '', '', ''),
(827, 0, '', '', 0, 0, '', '', ''),
(828, 0, '', '', 0, 0, '', '', ''),
(829, 0, '', '', 0, 0, '', '', ''),
(830, 0, '', '', 0, 0, '', '', ''),
(831, 0, '', '', 0, 0, '', '', ''),
(832, 0, '', '', 0, 0, '', '', ''),
(833, 0, '', '', 0, 0, '', '', ''),
(834, 0, '', '', 0, 0, '', '', ''),
(835, 0, '', '', 0, 0, '', '', ''),
(836, 0, '', '', 0, 0, '', '', ''),
(837, 0, '', '', 0, 0, '', '', ''),
(838, 0, '', '', 0, 0, '', '', ''),
(839, 0, '', '', 0, 0, '', '', ''),
(840, 0, '', '', 0, 0, '', '', ''),
(841, 0, '', '', 0, 0, '', '', ''),
(842, 0, '', '', 0, 0, '', '', ''),
(843, 0, '', '', 0, 0, '', '', ''),
(844, 0, '', '', 0, 0, '', '', ''),
(845, 0, '', '', 0, 0, '', '', ''),
(846, 0, '', '', 0, 0, '', '', ''),
(847, 0, '', '', 0, 0, '', '', ''),
(848, 0, '', '', 0, 0, '', '', ''),
(849, 0, '', '', 0, 0, '', '', ''),
(850, 0, '', '', 0, 0, '', '', ''),
(851, 0, '', '', 0, 0, '', '', ''),
(852, 0, '', '', 0, 0, '', '', ''),
(853, 0, '', '', 0, 0, '', '', ''),
(854, 0, '', '', 0, 0, '', '', ''),
(855, 0, '', '', 0, 0, '', '', ''),
(856, 0, '', '', 0, 0, '', '', ''),
(857, 0, '', '', 0, 0, '', '', ''),
(858, 0, '', '', 0, 0, '', '', ''),
(859, 0, '', '', 0, 0, '', '', ''),
(860, 0, '', '', 0, 0, '', '', ''),
(861, 0, '', '', 0, 0, '', '', ''),
(862, 0, '', '', 0, 0, '', '', ''),
(863, 0, '', '', 0, 0, '', '', ''),
(864, 0, '', '', 0, 0, '', '', ''),
(865, 0, '', '', 0, 0, '', '', ''),
(866, 0, '', '', 0, 0, '', '', ''),
(867, 0, '', '', 0, 0, '', '', ''),
(868, 0, '', '', 0, 0, '', '', '');

-- --------------------------------------------------------

--
-- Table structure for table `user`
--

CREATE TABLE `user` (
  `id_user` int(11) NOT NULL,
  `nama_user` varchar(125) NOT NULL,
  `alamat` text NOT NULL,
  `no_hp` varchar(15) NOT NULL,
  `username` varchar(125) NOT NULL,
  `password` varchar(125) NOT NULL,
  `level_user` int(11) NOT NULL
) ENGINE=InnoDB DEFAULT CHARSET=latin1;

--
-- Dumping data for table `user`
--

INSERT INTO `user` (`id_user`, `nama_user`, `alamat`, `no_hp`, `username`, `password`, `level_user`) VALUES
(1, 'Admin', 'Kuningan', '085156727388', 'admin', 'admin', 1),
(2, 'Pengelola', 'Kuningan', '0875698745633', 'pengelola', 'pengelola', 2),
(4, 'Sales', 'kuningan', '089987656543', 'sales', 'sales', 3),
(5, 'Marketing', 'Kuningan', '08998231222', 'marketing', 'marketing', 4);

--
-- Indexes for dumped tables
--

--
-- Indexes for table `detail_transaksi`
--
ALTER TABLE `detail_transaksi`
  ADD PRIMARY KEY (`id_detail`);

--
-- Indexes for table `diskon`
--
ALTER TABLE `diskon`
  ADD PRIMARY KEY (`id_diskon`);

--
-- Indexes for table `pelanggan`
--
ALTER TABLE `pelanggan`
  ADD PRIMARY KEY (`id_pelanggan`);

--
-- Indexes for table `penilaian`
--
ALTER TABLE `penilaian`
  ADD PRIMARY KEY (`id_penilaian`);

--
-- Indexes for table `produk`
--
ALTER TABLE `produk`
  ADD PRIMARY KEY (`id_produk`);

--
-- Indexes for table `transaksi`
--
ALTER TABLE `transaksi`
  ADD PRIMARY KEY (`id_transaksi`);

--
-- Indexes for table `user`
--
ALTER TABLE `user`
  ADD PRIMARY KEY (`id_user`);

--
-- AUTO_INCREMENT for dumped tables
--

--
-- AUTO_INCREMENT for table `detail_transaksi`
--
ALTER TABLE `detail_transaksi`
  MODIFY `id_detail` int(11) NOT NULL AUTO_INCREMENT, AUTO_INCREMENT=389;

--
-- AUTO_INCREMENT for table `diskon`
--
ALTER TABLE `diskon`
  MODIFY `id_diskon` int(11) NOT NULL AUTO_INCREMENT, AUTO_INCREMENT=4;

--
-- AUTO_INCREMENT for table `pelanggan`
--
ALTER TABLE `pelanggan`
  MODIFY `id_pelanggan` int(11) NOT NULL AUTO_INCREMENT, AUTO_INCREMENT=383;

--
-- AUTO_INCREMENT for table `penilaian`
--
ALTER TABLE `penilaian`
  MODIFY `id_penilaian` int(11) NOT NULL AUTO_INCREMENT, AUTO_INCREMENT=2;

--
-- AUTO_INCREMENT for table `produk`
--
ALTER TABLE `produk`
  MODIFY `id_produk` int(11) NOT NULL AUTO_INCREMENT, AUTO_INCREMENT=16;

--
-- AUTO_INCREMENT for table `transaksi`
--
ALTER TABLE `transaksi`
  MODIFY `id_transaksi` int(11) NOT NULL AUTO_INCREMENT, AUTO_INCREMENT=891;

--
-- AUTO_INCREMENT for table `user`
--
ALTER TABLE `user`
  MODIFY `id_user` int(11) NOT NULL AUTO_INCREMENT, AUTO_INCREMENT=7;
COMMIT;

/*!40101 SET CHARACTER_SET_CLIENT=@OLD_CHARACTER_SET_CLIENT */;
/*!40101 SET CHARACTER_SET_RESULTS=@OLD_CHARACTER_SET_RESULTS */;
/*!40101 SET COLLATION_CONNECTION=@OLD_COLLATION_CONNECTION */;
